{
  "sf4:age_allthethingsomglol/complete": {
    "criteria": {
      "Completed Age of ALLTHETHINGSOMGLOL": "2019-07-28 23:10:43 +0100"
    },
    "done": false
  },
  "tutorial:tutorial/oakwood": {
    "criteria": {
      "Obtain Oak Wood": "2019-07-28 23:12:07 +0100"
    },
    "done": false
  },
  "sf4:age_enhancement/root": {
    "criteria": {
      "inventoryChange": "2019-07-28 23:10:43 +0100"
    },
    "done": true
  },
  "sf4:age1/sapling/cottonwood": {
    "criteria": {
      "Completed Root": "2019-07-28 23:10:43 +0100"
    },
    "done": false
  },
  "tutorial:tutorial/oakplanks": {
    "criteria": {
      "Obtain Oak Wood Planks": "2019-07-28 23:18:41 +0100"
    },
    "done": false
  },
  "sf4:age1/complete": {
    "criteria": {
      "Completed Water You Waiting For?": "2019-07-28 23:59:43 +0100",
      "Completed Stop Slabbing Yourself": "2019-07-28 23:58:38 +0100",
      "Completed Captain Hook": "2019-07-28 23:36:36 +0100",
      "Completed That\u0027s Dir-tree": "2019-07-28 23:11:42 +0100",
      "Completed Root": "2019-07-28 23:10:43 +0100",
      "Completed Slop in the Bucket": "2019-07-28 23:46:27 +0100",
      "Completed Air Fryer": "2019-07-28 23:23:59 +0100",
      "Completed Clay Aiken": "2019-07-28 23:43:46 +0100",
      "Completed SkyFactory 4": "2019-07-28 23:10:43 +0100",
      "Completed I Love Lucy": "2019-07-28 23:30:03 +0100",
      "Completed Hardwood": "2019-07-28 23:32:31 +0100",
      "Completed On the Rocks": "2019-07-28 23:46:52 +0100",
      "Completed Starting from the Bottom": "2019-07-28 23:11:39 +0100",
      "Completed Bubble, Bubble": "2019-07-28 23:35:12 +0100"
    },
    "done": false
  },
  "sf4:age1/sapling/dirt": {
    "criteria": {
      "Obtain Dirt Sapling": "2019-07-28 23:11:42 +0100",
      "Completed Root": "2019-07-28 23:10:43 +0100"
    },
    "done": true
  },
  "sf4:age_exploration/complete": {
    "criteria": {
      "Completed Age of Exploration": "2019-07-28 23:10:43 +0100"
    },
    "done": false
  },
  "sf4:age1/sapling/bacon": {
    "criteria": {
      "Completed Root": "2019-07-28 23:10:43 +0100"
    },
    "done": false
  },
  "sf4:age1/resourcehogs": {
    "criteria": {
      "Completed Root": "2019-07-28 23:10:43 +0100"
    },
    "done": false
  },
  "sf4:age1/iron_ingot": {
    "criteria": {
      "Completed Root": "2019-07-28 23:10:43 +0100"
    },
    "done": false
  },
  "sf4:age1/green_slimy_dirt": {
    "criteria": {
      "Completed Root": "2019-07-28 23:10:43 +0100"
    },
    "done": false
  },
  "sf4:age1/nonpacifist": {
    "criteria": {
      "superflat2": "2019-07-28 23:10:44 +0100",
      "superflat32": "2019-07-28 23:10:44 +0100",
      "Completed Root": "2019-07-28 23:10:43 +0100"
    },
    "done": true
  },
  "sf4:age1/iron_bucket": {
    "criteria": {
      "Completed Root": "2019-07-28 23:10:43 +0100"
    },
    "done": false
  },
  "sf4:age1/sapling/slime": {
    "criteria": {
      "Completed Root": "2019-07-28 23:10:43 +0100"
    },
    "done": false
  },
  "sf4:age1/string": {
    "criteria": {
      "Completed Root": "2019-07-28 23:10:43 +0100"
    },
    "done": false
  },
  "sf4:age1/amber/silver": {
    "criteria": {
      "Completed Root": "2019-07-28 23:10:43 +0100"
    },
    "done": false
  },
  "sf4:age1/amber/lead": {
    "criteria": {
      "Completed Root": "2019-07-28 23:10:43 +0100"
    },
    "done": false
  },
  "sf4:age_storage/complete_no_prestige": {
    "criteria": {
      "Prestige Mode Disabled": "2019-07-28 23:10:43 +0100",
      "Completed Age of Storage": "2019-07-28 23:10:43 +0100"
    },
    "done": false
  },
  "tutorial:tutorial/placedirtsapling": {
    "criteria": {
      "Placed Dirt Sapling": "2019-07-28 23:22:40 +0100"
    },
    "done": false
  },
  "sf4:age1/sapling/redstone": {
    "criteria": {
      "Completed Root": "2019-07-28 23:10:43 +0100"
    },
    "done": false
  },
  "sf4:age1/sapling/petrified": {
    "criteria": {
      "Completed Root": "2019-07-28 23:10:43 +0100",
      "Obtain Petrified Sapling": "2019-07-28 23:32:31 +0100"
    },
    "done": true
  },
  "sf4:age1/amber/gold": {
    "criteria": {
      "Completed Root": "2019-07-28 23:10:43 +0100"
    },
    "done": false
  },
  "sf4:age1/sapling/tin": {
    "criteria": {
      "Completed Root": "2019-07-28 23:10:43 +0100"
    },
    "done": false
  },
  "tutorial:tutorial/dirtsapling": {
    "criteria": {
      "Obtain a Dirt Sapling": "2019-07-28 23:11:42 +0100"
    },
    "done": false
  },
  "sf4:age1/wooden_crook": {
    "criteria": {
      "Completed Root": "2019-07-28 23:10:43 +0100",
      "Obtain Wooden Crook": "2019-07-28 23:36:36 +0100"
    },
    "done": true
  },
  "tutorial:tutorial/copied/cauldron": {
    "criteria": {
      "Obtain a Cauldron": "2019-07-28 23:35:12 +0100"
    },
    "done": false
  },
  "sf4:age_farming/skyorchards": {
    "criteria": {
      "Obtain Dirt Sapling": "2019-07-28 23:11:42 +0100",
      "Obtain Petrified Sapling": "2019-07-28 23:32:31 +0100",
      "Obtain Clay Sapling": "2019-07-28 23:43:46 +0100"
    },
    "done": false
  },
  "sf4:age_exploration/skygriddragonkill": {
    "criteria": {
      "Completed Age of Exploration": "2019-07-28 23:10:43 +0100"
    },
    "done": false
  },
  "tutorial:tutorial/copied/crushingtub": {
    "criteria": {
      "Obtain Crushing Tub": "2019-07-28 23:30:03 +0100"
    },
    "done": false
  },
  "tutorial:tutorial/copied/water": {
    "criteria": {
      "Obtain Water in a Clay Bucket": "2019-07-28 23:59:43 +0100"
    },
    "done": false
  },
  "sf4:age1/sapling/lapis": {
    "criteria": {
      "Completed Root": "2019-07-28 23:10:43 +0100"
    },
    "done": false
  },
  "pacifist:pacifist_run/root": {
    "criteria": {
      "hasRock": "2019-07-28 23:10:43 +0100"
    },
    "done": false
  },
  "sf4:age1/coal": {
    "criteria": {
      "Completed Root": "2019-07-28 23:10:43 +0100"
    },
    "done": false
  },
  "sf4:age_storage/complete": {
    "criteria": {
      "Completed Age of Storage": "2019-07-28 23:10:43 +0100"
    },
    "done": false
  },
  "sf4:age_exploration/root": {
    "criteria": {
      "inventoryChange": "2019-07-28 23:10:43 +0100"
    },
    "done": true
  },
  "sf4:age1/slabs": {
    "criteria": {
      "Completed Root": "2019-07-28 23:10:43 +0100",
      "Obtain Furnace Slab": "2019-07-28 23:58:38 +0100"
    },
    "done": true
  },
  "sf4:age_storage/root": {
    "criteria": {
      "inventoryChange": "2019-07-28 23:10:43 +0100"
    },
    "done": true
  },
  "sf4:age1/diamond": {
    "criteria": {
      "Completed Root": "2019-07-28 23:10:43 +0100"
    },
    "done": false
  },
  "sf4:age1/obsidian": {
    "criteria": {
      "Completed Root": "2019-07-28 23:10:43 +0100"
    },
    "done": false
  },
  "sf4:age1/lavasource": {
    "criteria": {
      "Completed Root": "2019-07-28 23:10:43 +0100",
      "Completed SkyFactory 4": "2019-07-28 23:10:43 +0100"
    },
    "done": false
  },
  "tutorial:tutorial/copied/petrifiedsapling": {
    "criteria": {
      "Obtain Petrified Sapling": "2019-07-28 23:32:31 +0100"
    },
    "done": false
  },
  "sf4:age1/sapling/sand": {
    "criteria": {
      "Completed Root": "2019-07-28 23:10:43 +0100"
    },
    "done": false
  },
  "sf4:age1/dirt": {
    "criteria": {
      "Completed Root": "2019-07-28 23:10:43 +0100"
    },
    "done": false
  },
  "sf4:age1/sapling/coal": {
    "criteria": {
      "Completed Root": "2019-07-28 23:10:43 +0100"
    },
    "done": false
  },
  "hardcore:hardcore/forgivingvoid": {
    "criteria": {
      "Completed Age of Exploration": "2019-07-28 23:10:43 +0100"
    },
    "done": false
  },
  "sf4:age_enhancement/complete": {
    "criteria": {
      "Completed Age of Enhancement": "2019-07-28 23:10:43 +0100"
    },
    "done": false
  },
  "sf4:age_enhancement/completenoprestige": {
    "criteria": {
      "Prestige Mode Disabled": "2019-07-28 23:10:43 +0100",
      "Completed Age of Enhancement": "2019-07-28 23:10:43 +0100"
    },
    "done": false
  },
  "tutorial:tutorial/copied/claybucket": {
    "criteria": {
      "Obtain Unfired Clay Bucket": "2019-07-28 23:46:27 +0100",
      "Obtain Clay Bucket": "2019-07-28 23:59:37 +0100"
    },
    "done": false
  },
  "sf4:age1/completenoprestige": {
    "criteria": {
      "Prestige Mode Disabled": "2019-07-28 23:10:43 +0100",
      "Completed Water You Waiting For?": "2019-07-28 23:59:43 +0100",
      "Completed Stop Slabbing Yourself": "2019-07-28 23:58:38 +0100",
      "Completed Captain Hook": "2019-07-28 23:36:36 +0100",
      "Completed That\u0027s Dir-tree": "2019-07-28 23:11:42 +0100",
      "Completed Root": "2019-07-28 23:10:43 +0100",
      "Completed Slop in the Bucket": "2019-07-28 23:46:27 +0100",
      "Completed Air Fryer": "2019-07-28 23:23:59 +0100",
      "Completed Clay Aiken": "2019-07-28 23:43:46 +0100",
      "Completed SkyFactory 4": "2019-07-28 23:10:43 +0100",
      "Completed I Love Lucy": "2019-07-28 23:30:03 +0100",
      "Completed Hardwood": "2019-07-28 23:32:31 +0100",
      "Completed On the Rocks": "2019-07-28 23:46:52 +0100",
      "Completed Starting from the Bottom": "2019-07-28 23:11:39 +0100",
      "Completed Bubble, Bubble": "2019-07-28 23:35:12 +0100"
    },
    "done": false
  },
  "sf4:age1/stone_crook": {
    "criteria": {
      "Completed Root": "2019-07-28 23:10:43 +0100"
    },
    "done": false
  },
  "sf4:age1/sapling/iron": {
    "criteria": {
      "Completed Root": "2019-07-28 23:10:43 +0100"
    },
    "done": false
  },
  "sf4:age_exploration/completenoprestige": {
    "criteria": {
      "Prestige Mode Disabled": "2019-07-28 23:10:43 +0100",
      "Completed Age of Exploration": "2019-07-28 23:10:43 +0100"
    },
    "done": false
  },
  "sf4:age_farming/root": {
    "criteria": {
      "inventoryChange": "2019-07-28 23:10:43 +0100"
    },
    "done": true
  },
  "sf4:age_power/root": {
    "criteria": {
      "inventoryChange": "2019-07-28 23:10:43 +0100"
    },
    "done": true
  },
  "tutorial:tutorial/copied/slabs": {
    "criteria": {
      "Obtain Furnace Slab": "2019-07-28 23:58:38 +0100"
    },
    "done": false
  },
  "tutorial:tutorial/copied/claysapling": {
    "criteria": {
      "Obtain a Clay Sapling": "2019-07-28 23:43:46 +0100"
    },
    "done": false
  },
  "sf4:age1/sleep": {
    "criteria": {
      "Completed Root": "2019-07-28 23:10:43 +0100"
    },
    "done": false
  },
  "sf4:age1/sapling/bone": {
    "criteria": {
      "Completed Root": "2019-07-28 23:10:43 +0100"
    },
    "done": false
  },
  "pacifist:pacifist_run/peaceful": {
    "criteria": {
      "brokeLeaves": "2019-07-28 23:11:19 +0100",
      "brokeLog": "2019-07-28 23:11:56 +0100"
    },
    "done": false
  },
  "sf4:age1/sapling/lead": {
    "criteria": {
      "Completed Root": "2019-07-28 23:10:43 +0100"
    },
    "done": false
  },
  "sf4:age1/sapling/diamond": {
    "criteria": {
      "Completed Root": "2019-07-28 23:10:43 +0100"
    },
    "done": false
  },
  "sf4:age1/water": {
    "criteria": {
      "Completed Root": "2019-07-28 23:10:43 +0100",
      "Obtain Water in a Clay Bucket": "2019-07-28 23:59:43 +0100"
    },
    "done": true
  },
  "sf4:age1/acorn/dirt_cooked": {
    "criteria": {
      "Completed Root": "2019-07-28 23:10:43 +0100"
    },
    "done": false
  },
  "sf4:age1/watersource": {
    "criteria": {
      "Completed Root": "2019-07-28 23:10:43 +0100",
      "Completed SkyFactory 4": "2019-07-28 23:10:43 +0100"
    },
    "done": false
  },
  "sf4:age1/twerk": {
    "criteria": {
      "Completed Root": "2019-07-28 23:10:43 +0100",
      "Obtain 8 Oak Logs": "2019-07-28 23:27:42 +0100"
    },
    "done": false
  },
  "sf4:age1/cauldron": {
    "criteria": {
      "Completed Root": "2019-07-28 23:10:43 +0100",
      "Obtain a Cauldron": "2019-07-28 23:35:12 +0100"
    },
    "done": true
  },
  "sf4:age1/cobblestone_generator": {
    "criteria": {
      "Completed Root": "2019-07-28 23:10:43 +0100"
    },
    "done": false
  },
  "tutorial:tutorial/copied/cobblestone": {
    "criteria": {
      "Obtain Cobblestone Block": "2019-07-28 23:46:52 +0100"
    },
    "done": false
  },
  "sf4:age1/sapling/gravel": {
    "criteria": {
      "Completed Root": "2019-07-28 23:10:43 +0100"
    },
    "done": false
  },
  "sf4:age_power/complete": {
    "criteria": {
      "Completed Age of Power": "2019-07-28 23:10:43 +0100"
    },
    "done": false
  },
  "sf4:age1/crushing_tub": {
    "criteria": {
      "Obtain Crushing Tub": "2019-07-28 23:30:03 +0100",
      "Completed Root": "2019-07-28 23:10:43 +0100"
    },
    "done": true
  },
  "sf4:age1/prestige_notify": {
    "criteria": {
      "Completed Root": "2019-07-28 23:10:43 +0100"
    },
    "done": false
  },
  "sf4:age1/clay_bucket": {
    "criteria": {
      "Obtain Unfired Clay Bucket": "2019-07-28 23:46:27 +0100",
      "Completed Root": "2019-07-28 23:10:43 +0100"
    },
    "done": true
  },
  "tutorial:tutorial/petrifiedacorn": {
    "criteria": {
      "Obtain Oak Wood Planks": "2019-07-28 23:26:15 +0100"
    },
    "done": false
  },
  "sf4:age_farming/complete": {
    "criteria": {
      "Completed Age of Farming": "2019-07-28 23:10:43 +0100"
    },
    "done": false
  },
  "sf4:age1/lava": {
    "criteria": {
      "Completed Root": "2019-07-28 23:10:43 +0100"
    },
    "done": false
  },
  "sf4:age1/amber/iron": {
    "criteria": {
      "Completed Root": "2019-07-28 23:10:43 +0100"
    },
    "done": false
  },
  "sf4:age1/root": {
    "criteria": {
      "non_tutorial_start": "2019-07-28 23:10:43 +0100"
    },
    "done": true
  },
  "tutorial:tutorial/woodencrook": {
    "criteria": {
      "Obtain a Wooden Crook": "2019-07-28 23:36:36 +0100"
    },
    "done": false
  },
  "sf4:age1/sapling/donut": {
    "criteria": {
      "Completed Root": "2019-07-28 23:10:43 +0100"
    },
    "done": false
  },
  "sf4:age1/sapling/silver": {
    "criteria": {
      "Completed Root": "2019-07-28 23:10:43 +0100"
    },
    "done": false
  },
  "sf4:age_power/completenoprestige": {
    "criteria": {
      "Prestige Mode Disabled": "2019-07-28 23:10:43 +0100",
      "Completed Age of Power": "2019-07-28 23:10:43 +0100"
    },
    "done": false
  },
  "sf4:age1/sapling/clay": {
    "criteria": {
      "Completed Root": "2019-07-28 23:10:43 +0100",
      "Obtain a Clay Sapling": "2019-07-28 23:43:46 +0100"
    },
    "done": true
  },
  "sf4:age1/cobblestone": {
    "criteria": {
      "Completed Root": "2019-07-28 23:10:43 +0100",
      "Obtain Cobblestone Block": "2019-07-28 23:46:52 +0100"
    },
    "done": true
  },
  "sf4:age1/sapling/gold": {
    "criteria": {
      "Completed Root": "2019-07-28 23:10:43 +0100"
    },
    "done": false
  },
  "sf4:age1/drying_rack": {
    "criteria": {
      "Completed Root": "2019-07-28 23:10:43 +0100",
      "Obtain Drying Rack": "2019-07-28 23:23:59 +0100"
    },
    "done": true
  },
  "tutorial:tutorial/dryingrack": {
    "criteria": {
      "Obtain Oak Wood Planks": "2019-07-28 23:23:59 +0100"
    },
    "done": false
  },
  "tutorial:tutorial/placeoak": {
    "criteria": {
      "Placed Oak Wood Slab": "2019-07-28 23:18:50 +0100",
      "Placed Oak Planks": "2019-07-28 23:24:11 +0100"
    },
    "done": false
  },
  "sf4:age1/sapling": {
    "criteria": {
      "Has Sapling": "2019-07-28 23:11:42 +0100",
      "Completed Root": "2019-07-28 23:10:43 +0100",
      "Completed SkyFactory 4": "2019-07-28 23:10:43 +0100"
    },
    "done": false
  },
  "sf4:age_allthethingsomglol/complete_no_prestige": {
    "criteria": {
      "Prestige Mode Disabled": "2019-07-28 23:10:43 +0100",
      "Completed Age of ALLTHETHINGSOMGLOL": "2019-07-28 23:10:43 +0100"
    },
    "done": false
  },
  "sf4:age1/amber/tin": {
    "criteria": {
      "Completed Root": "2019-07-28 23:10:43 +0100"
    },
    "done": false
  },
  "sf4:age_farming/complete_no_prestige": {
    "criteria": {
      "Prestige Mode Disabled": "2019-07-28 23:10:43 +0100",
      "Completed Age of Farming": "2019-07-28 23:10:43 +0100"
    },
    "done": false
  },
  "sf4:age1/acorn/dirt": {
    "criteria": {
      "Obtain Dirt Acorn": "2019-07-28 23:11:39 +0100",
      "Completed Root": "2019-07-28 23:10:43 +0100"
    },
    "done": true
  },
  "sf4:age_allthethingsomglol/root": {
    "criteria": {
      "inventoryChange": "2019-07-28 23:10:43 +0100"
    },
    "done": true
  }
}