{"stat.mineBlock.sky_orchards.log_coal":36,"stat.pickup.minecraft.bone":1,"stat.pickup.minecraft.wooden_slab":6,"stat.drop.sky_orchards.resin_dirt":4,"stat.useItem.minecraft.iron_axe":654,"stat.leaveGame":15,"stat.mineBlock.sky_orchards.leaves_gravel":454,"stat.pickup.minecraft.flint":38,"stat.killEntity.Human":2,"stat.craftItem.minecraft.iron_axe":4,"stat.pickup.sky_orchards.resin_dirt":136,"stat.pickup.pickletweaks.coal_piece":7,"stat.craftItem.sky_orchards.amber_iron":10,"stat.craftItem.inspirations.bone_crook":2,"stat.swimOneCm":795,"stat.useItem.minecraft.planks":1,"stat.mineBlock.sky_orchards.log_dirt":75,"stat.useItem.minecraft.dirt":6,"stat.pickup.inspirations.bone_crook":1,"stat.drop.inspirations.bone_crook":1,"stat.useItem.minecraft.stone_slab2":49,"stat.entityKilledBy.ranged_rogue_android":1,"stat.pickup.sky_orchards.resin_cottonwood":8,"stat.pickup.minecraft.rotten_flesh":6,"stat.pickup.sky_orchards.sapling_dirt":47,"stat.killEntity.Enderman":1,"stat.mineBlock.sky_orchards.leaves_dirt":368,"stat.mineBlock.minecraft.wooden_slab":4,"stat.flyOneCm":14722,"stat.mineBlock.sky_orchards.leaves_coal":124,"stat.pickup.sky_orchards.resin_coal":53,"stat.craftItem.minecraft.wooden_slab":792,"stat.pickup.sky_orchards.resin_petrified":50,"stat.pickup.sky_orchards.sapling_petrified":23,"stat.timeSinceDeath":31334,"stat.mineBlock.sky_orchards.leaves_cottonwood":5,"stat.drop.minecraft.log":1,"stat.useItem.minecraft.sign":2,"stat.useItem.minecraft.wooden_slab":634,"stat.mineBlock.sky_orchards.sapling_sand":2,"stat.pickup.minecraft.cake":1,"stat.furnaceInteraction":31,"stat.useItem.sky_orchards.sapling_clay":12,"stat.pickup.minecraft.string":2,"stat.craftItem.sky_orchards.acorn_dirt":3,"stat.pickup.sky_orchards.acorn_coal":29,"stat.mineBlock.sky_orchards.leaves_clay":226,"stat.craftItem.minecraft.stone_slab2":0,"stat.pickup.sky_orchards.sapling_cottonwood":3,"stat.drop.sky_orchards.acorn_dirt":10,"stat.useItem.sky_orchards.sapling_petrified":2,"stat.craftItem.tconstruct.tooltables":1,"stat.pickup.sky_orchards.acorn_dirt":63,"stat.sprintOneCm":140376,"stat.pickup.sky_orchards.sapling_coal":27,"stat.useItem.minecraft.fence":91,"stat.craftItem.minecraft.stick":136,"stat.craftItem.minecraft.wooden_axe":8,"stat.useItem.carryon.tile_item":5,"stat.mineBlock.sky_orchards.leaves_petrified":91,"stat.pickup.inspirations.wooden_crook":3,"stat.craftItem.minecraft.clay_ball":16,"stat.deaths":2,"stat.drop":33,"stat.playOneMinute":222405,"stat.useItem.minecraft.wooden_sword":41,"stat.useItem.sky_orchards.acorn_dirt":3,"stat.drop.xlfoodmod.donut":1,"stat.mineBlock.bonsaitrees.bonsaipot":2,"stat.killEntity.Zombie":6,"stat.drop.minecraft.chest":1,"stat.craftItem.minecraft.clay":4,"stat.useItem.sky_orchards.sapling_sand":19,"stat.chestOpened":183,"stat.pickup.sky_orchards.acorn_cottonwood":2,"stat.craftItem.minecraft.sign":3,"stat.pickup.minecraft.sign":1,"stat.pickup.minecraft.arrow":2,"stat.pickup.sky_orchards.acorn_petrified":13,"stat.useItem.inspirations.wooden_crook":330,"stat.pickup.sky_orchards.resin_sand":261,"stat.craftItem.minecraft.coal":3,"stat.pickup.sky_orchards.resin_clay":146,"stat.jump":1088,"stat.useItem.sky_orchards.sapling_gravel":25,"stat.pickup.minecraft.fence":2,"stat.fallOneCm":18456,"stat.pickup.minecraft.iron_ingot":1,"stat.craftItem.bonsaitrees.bonsaipot":1,"stat.crouchOneCm":108103,"stat.craftItem.minecraft.chest":6,"stat.craftItem.minecraft.torch":12,"stat.craftItem.minecraft.iron_ingot":6,"stat.mineBlock.sky_orchards.log_sand":178,"stat.pickup.minecraft.dirt":4,"stat.craftingTableInteraction":53,"stat.mineBlock.sky_orchards.leaves_sand":240,"stat.pickup.sky_orchards.resin_bone":2,"stat.pickup.sky_orchards.sapling_sand":60,"stat.pickup.minecraft.iron_axe":1,"stat.damageTaken":565,"stat.mineBlock.minecraft.torch":3,"stat.craftItem.tconstruct.materials":15,"stat.craftItem.minecraft.wooden_sword":1,"stat.pickup.minecraft.dye":2,"stat.pickup.minecraft.planks":3,"stat.pickup.sky_orchards.sapling_clay":48,"stat.damageDealt":2233,"stat.mineBlock.minecraft.dirt":3,"stat.pickup.sky_orchards.acorn_bone":4,"stat.walkOneCm":824150,"stat.useItem.minecraft.torch":11,"stat.useItem.minecraft.chest":3,"stat.playerKills":1,"stat.pickup.sky_orchards.sapling_bone":1,"stat.craftItem.minecraft.crafting_table":1,"stat.craftItem.inspirations.wooden_crook":1,"stat.pickup.sky_orchards.acorn_clay":57,"stat.mineBlock.sky_orchards.sapling_clay":1,"stat.pickup.minecraft.log":632,"stat.mineBlock.sky_orchards.log_gravel":170,"stat.drop.inspirations.wooden_crook":1,"stat.pickup.sky_orchards.resin_gravel":257,"stat.pickup.sky_orchards.acorn_gravel":112,"stat.drop.minecraft.planks":8,"stat.pickup.sky_orchards.acorn_sand":86,"stat.craftItem.sky_orchards.acorn_sand":20,"stat.pickup.minecraft.sapling":7,"stat.drop.minecraft.wooden_slab":3,"stat.pickup.sky_orchards.sapling_gravel":90,"stat.drop.sky_orchards.sapling_dirt":2,"stat.craftItem.minecraft.planks":796,"stat.craftItem.minecraft.dirt":14,"stat.pickup.morecauldrons.oak_cauldron":1,"stat.mobKills":10,"stat.mineBlock.minecraft.log":23,"stat.craftItem.minecraft.fence":105,"stat.mineBlock.sky_orchards.log_clay":103,"stat.useItem.inspirations.bone_crook":749,"stat.pickup.minecraft.torch":3,"stat.useItem.sky_orchards.acorn_sand":8,"stat.useItem.sky_orchards.sapling_coal":5,"stat.sneakTime":29131,"stat.mineBlock.sky_orchards.log_cottonwood":10,"stat.useItem.minecraft.wooden_axe":186,"stat.craftItem.minecraft.brick":16,"stat.craftItem.minecraft.cobblestone":1,"stat.useItem.sky_orchards.sapling_dirt":8,"stat.mineBlock.sky_orchards.log_petrified":37,"stat.drop.minecraft.wooden_axe":1,"stat.pickup.minecraft.chest":1}