{"stat.mineBlock.sky_orchards.log_coal":4,"stat.pickup.minecraft.bone":1,"stat.pickup.minecraft.wooden_slab":5,"stat.useItem.sky_orchards.sapling_cottonwood":5,"stat.leaveGame":15,"stat.mineBlock.sky_orchards.leaves_gravel":30,"stat.pickup.minecraft.flint":11,"stat.killEntity.Human":4,"stat.craftItem.tconstruct.faucet":2,"stat.pickup.sky_orchards.resin_dirt":26,"stat.pickup.pickletweaks.coal_piece":2,"stat.entityKilledBy.Human":2,"stat.swimOneCm":1871,"stat.useItem.minecraft.planks":1,"stat.climbOneCm":14013,"stat.mineBlock.sky_orchards.log_dirt":10,"stat.useItem.sky_orchards.sapling_bone":1,"stat.useItem.minecraft.dirt":11,"stat.useItem.minecraft.stone_slab2":60,"stat.pickup.minecraft.rotten_flesh":2,"stat.pickup.sky_orchards.sapling_dirt":27,"stat.mineBlock.sky_orchards.leaves_dirt":70,"stat.mineBlock.minecraft.wooden_slab":12,"stat.craftItem.tconstruct.casting":1,"stat.flyOneCm":1997,"stat.mineBlock.sky_orchards.leaves_coal":21,"stat.pickup.sky_orchards.resin_coal":5,"stat.craftItem.minecraft.wooden_slab":666,"stat.pickup.sky_orchards.resin_petrified":10,"stat.craftItem.minecraft.wooden_hoe":1,"stat.pickup.sky_orchards.sapling_petrified":14,"stat.timeSinceDeath":66838,"stat.drop.minecraft.log":3,"stat.useItem.minecraft.wooden_slab":356,"stat.craftItem.minecraft.wooden_pickaxe":1,"stat.mineBlock.sky_orchards.sapling_sand":1,"stat.useItem.minecraft.potato":1,"stat.craftItem.tconstruct.seared":26,"stat.furnaceInteraction":26,"stat.useItem.sky_orchards.sapling_clay":3,"stat.craftItem.tconstruct.soil":256,"stat.pickup.tconstruct.smeltery_controller":1,"stat.pickup.sky_orchards.acorn_coal":4,"stat.useItem.tconstruct.edible":1,"stat.pickup.tombstone.crafting_ingredient":1,"stat.mineBlock.sky_orchards.leaves_clay":7,"stat.craftItem.minecraft.stone_slab2":1,"stat.drop.sky_orchards.acorn_dirt":10,"stat.useItem.sky_orchards.sapling_petrified":6,"stat.craftItem.tconstruct.tooltables":7,"stat.pickup.sky_orchards.acorn_dirt":43,"stat.sprintOneCm":3250,"stat.pickup.sky_orchards.sapling_coal":6,"stat.useItem.minecraft.fence":6,"stat.craftItem.minecraft.stick":88,"stat.mineBlock.sky_orchards.leaves_petrified":1,"stat.mineBlock.minecraft.fence":39,"stat.craftItem.minecraft.sand":34,"stat.craftItem.minecraft.fence_gate":4,"stat.mineBlock.minecraft.planks":1,"stat.deaths":2,"stat.drop":65,"stat.playOneMinute":140793,"stat.useItem.minecraft.wooden_sword":39,"stat.useItem.tconstruct.seared":13,"stat.killEntity.Zombie":1,"stat.drop.minecraft.torch":36,"stat.diveOneCm":524,"stat.useItem.sky_orchards.sapling_sand":3,"stat.pickup.tconstruct.seared":2,"stat.chestOpened":118,"stat.pickup.tconstruct.tooltables":3,"stat.drop.minecraft.wooden_pickaxe":1,"stat.pickup.minecraft.arrow":2,"stat.mineBlock.tconstruct.smeltery_controller":1,"stat.pickup.sky_orchards.acorn_petrified":20,"stat.mineBlock.sky_orchards.leaves_iron":77,"stat.pickup.sky_orchards.resin_sand":27,"stat.pickup.sky_orchards.resin_clay":8,"stat.jump":399,"stat.useItem.sky_orchards.sapling_gravel":15,"stat.pickup.minecraft.fence":39,"stat.useItem.minecraft.wooden_hoe":3,"stat.fallOneCm":243062,"stat.crouchOneCm":24332,"stat.mineBlock.minecraft.chest":1,"stat.craftItem.minecraft.chest":3,"stat.mineBlock.sky_orchards.log_sand":17,"stat.craftItem.minecraft.torch":28,"stat.pickup.farmingforblockheads.market":1,"stat.craftingTableInteraction":1,"stat.mineBlock.sky_orchards.leaves_sand":86,"stat.pickup.sky_orchards.resin_bone":8,"stat.pickup.sky_orchards.sapling_sand":5,"stat.drop.industrialforegoing.book_manual":1,"stat.mineBlock.tconstruct.tooltables":3,"stat.craftItem.tconstruct.pattern":74,"stat.damageTaken":888,"stat.mineBlock.minecraft.torch":3,"stat.useItem.minecraft.wooden_pickaxe":4,"stat.craftItem.tconstruct.materials":105,"stat.craftItem.minecraft.wooden_sword":2,"stat.pickup.minecraft.dye":1,"stat.pickup.mysticalagriculture.crafting":1,"stat.pickup.minecraft.planks":3,"stat.pickup.sky_orchards.resin_iron":13,"stat.pickup.minecraft.potato":3,"stat.craftItem.tconstruct.seared_tank":2,"stat.damageDealt":1494,"stat.mineBlock.sky_orchards.log_bone":5,"stat.craftItem.minecraft.glass":1,"stat.craftItem.minecraft.baked_potato":2,"stat.mineBlock.sky_orchards.log_iron":10,"stat.pickup.sky_orchards.acorn_iron":8,"stat.craftItem.minecraft.gravel":50,"stat.walkOneCm":476575,"stat.useItem.minecraft.torch":6,"stat.craftItem.tconstruct.smeltery_io":2,"stat.pickup.sky_orchards.sapling_iron":4,"stat.pickup.minecraft.stick":1,"stat.craftItem.minecraft.crafting_table":2,"stat.pickup.sky_orchards.acorn_clay":1,"stat.pickup.minecraft.log":75,"stat.mineBlock.sky_orchards.log_gravel":10,"stat.pickup.sky_orchards.resin_gravel":17,"stat.pickup.sky_orchards.acorn_gravel":23,"stat.drop.minecraft.planks":3,"stat.pickup.sky_orchards.acorn_sand":16,"stat.pickup.sky_orchards.sapling_gravel":21,"stat.useItem.xlfoodmod.donut":2,"stat.craftItem.tconstruct.smeltery_controller":1,"stat.killEntity.Skeleton":2,"stat.drop.sky_orchards.sapling_dirt":11,"stat.mineBlock.sky_orchards.sapling_gravel":2,"stat.craftItem.minecraft.planks":360,"stat.craftItem.minecraft.dirt":30,"stat.mobKills":7,"stat.craftItem.minecraft.fence":18,"stat.mineBlock.sky_orchards.log_clay":6,"stat.craftItem.industrialforegoing.book_manual":1,"stat.craftItem.minecraft.paper":1,"stat.pickup.minecraft.torch":17,"stat.useItem.sky_orchards.sapling_coal":1,"stat.mineBlock.tconstruct.seared":3,"stat.sneakTime":7335,"stat.useItem.minecraft.baked_potato":2,"stat.craftItem.minecraft.brick":23,"stat.pickup.xlfoodmod.donut":1,"stat.useItem.sky_orchards.sapling_dirt":13,"stat.mineBlock.sky_orchards.log_petrified":4,"stat.useItem.tconstruct.hatchet":165,"stat.pickup.minecraft.chest":1}