{"stat.chestOpened":44,"stat.pickup.tconstruct.tooltables":4,"stat.mineBlock.sky_orchards.log_coal":6,"stat.pickup.minecraft.bone":5,"stat.craftItem.minecraft.ladder":24,"stat.craftItem.minecraft.sign":6,"stat.pickup.minecraft.wooden_slab":45,"stat.pickup.minecraft.sign":1,"stat.leaveGame":7,"stat.pickup.minecraft.arrow":5,"stat.pickup.minecraft.flint":5,"stat.pickup.sky_orchards.acorn_petrified":6,"stat.pickup.sky_orchards.resin_sand":4,"stat.craftItem.minecraft.coal":9,"stat.jump":740,"stat.swimOneCm":29483,"stat.fallOneCm":291272,"stat.useItem.minecraft.planks":1386,"stat.climbOneCm":55373,"stat.pickup.minecraft.gunpowder":18,"stat.crouchOneCm":119487,"stat.craftItem.minecraft.torch":44,"stat.useItem.minecraft.stone_slab2":40,"stat.entityKilledBy.ranged_rogue_android":3,"stat.pickup.minecraft.rotten_flesh":11,"stat.mineBlock.sky_orchards.leaves_sand":4,"stat.pickup.sky_orchards.sapling_sand":6,"stat.pickup.sky_orchards.sapling_dirt":4,"stat.mineBlock.tconstruct.tooltables":4,"stat.damageTaken":4438,"stat.mineBlock.minecraft.torch":23,"stat.mineBlock.minecraft.wooden_slab":45,"stat.pickup.mysticalagriculture.crafting":1,"stat.pickup.minecraft.planks":149,"stat.flyOneCm":86469,"stat.mineBlock.sky_orchards.leaves_coal":2,"stat.pickup.sky_orchards.resin_coal":10,"stat.craftItem.minecraft.wooden_slab":186,"stat.damageDealt":1865,"stat.pickup.sky_orchards.sapling_petrified":5,"stat.timeSinceDeath":1231,"stat.useItem.minecraft.sign":4,"stat.useItem.minecraft.wooden_slab":208,"stat.walkOneCm":246456,"stat.useItem.minecraft.torch":57,"stat.furnaceInteraction":10,"stat.craftItem.minecraft.crafting_table":1,"stat.killEntity.Creeper":2,"stat.pickup.minecraft.log":78,"stat.pickup.minecraft.string":3,"stat.mineBlock.sky_orchards.log_gravel":6,"stat.mineBlock.minecraft.ladder":6,"stat.pickup.sky_orchards.resin_gravel":10,"stat.pickup.sky_orchards.acorn_coal":1,"stat.pickup.sky_orchards.acorn_gravel":6,"stat.pickup.matteroverdrive.rogue_android_part":1,"stat.entityKilledBy.Skeleton":3,"stat.craftItem.minecraft.stone_slab2":0,"stat.pickup.sky_orchards.acorn_sand":13,"stat.craftItem.tconstruct.tooltables":3,"stat.pickup.sky_orchards.acorn_dirt":2,"stat.sprintOneCm":179334,"stat.pickup.sky_orchards.sapling_gravel":3,"stat.pickup.minecraft.ladder":23,"stat.craftItem.minecraft.wooden_axe":6,"stat.craftItem.minecraft.stick":92,"stat.killEntity.Skeleton":1,"stat.craftItem.minecraft.planks":1448,"stat.entityKilledBy.rogue_android":3,"stat.killEntity.rogue_android":1,"stat.mobKills":7,"stat.entityKilledBy.Creeper":1,"stat.mineBlock.minecraft.planks":156,"stat.deaths":16,"stat.drop":2,"stat.playOneMinute":101526,"stat.pickup.minecraft.torch":28,"stat.useItem.minecraft.ladder":23,"stat.sneakTime":39457,"stat.killEntity.Zombie":2,"stat.useItem.minecraft.wooden_axe":233,"stat.drop.minecraft.wooden_axe":2}