{"stat.mineBlock.sky_orchards.log_coal":56,"stat.pickup.minecraft.wooden_slab":7,"stat.leaveGame":24,"stat.craftItem.minecraft.iron_axe":14,"stat.useItem.minecraft.planks":1,"stat.mineBlock.sky_orchards.log_dirt":269,"stat.pickup.sky_orchards.resin_cottonwood":8,"stat.useItem.sky_orchards.sapling_iron":38,"stat.pickup.minecraft.rotten_flesh":7,"stat.pickup.sky_orchards.sapling_dirt":128,"stat.killEntity.Enderman":1,"stat.mineBlock.minecraft.wooden_slab":4,"stat.pickup.sky_orchards.resin_petrified":304,"stat.furnaceInteraction":47,"stat.craftItem.sky_orchards.acorn_dirt":3,"stat.pickup.sky_orchards.acorn_coal":46,"stat.drop.sky_orchards.acorn_dirt":10,"stat.pickup.sky_orchards.acorn_dirt":186,"stat.pickup.sky_orchards.sapling_coal":45,"stat.useItem.minecraft.fence":91,"stat.mineBlock.minecraft.fence":36,"stat.useItem.minecraft.dye":2,"stat.deaths":6,"stat.playOneMinute":359960,"stat.useItem.sky_orchards.acorn_dirt":3,"stat.drop.xlfoodmod.donut":1,"stat.drop.minecraft.chest":1,"stat.useItem.sky_orchards.sapling_sand":39,"stat.pickup.tconstruct.seared":1,"stat.chestOpened":281,"stat.craftItem.minecraft.sign":3,"stat.pickup.minecraft.arrow":2,"stat.pickup.sky_orchards.acorn_petrified":103,"stat.mineBlock.sky_orchards.leaves_iron":244,"stat.useItem.inspirations.wooden_crook":1763,"stat.pickup.sky_orchards.resin_sand":421,"stat.craftItem.minecraft.coal":8,"stat.useItem.sky_orchards.sapling_gravel":52,"stat.fallOneCm":89355,"stat.crouchOneCm":118886,"stat.craftItem.minecraft.chest":8,"stat.craftItem.minecraft.iron_ingot":17,"stat.craftingTableInteraction":61,"stat.mineBlock.sky_orchards.leaves_sand":367,"stat.pickup.sky_orchards.sapling_sand":104,"stat.mineBlock.minecraft.log2":18,"stat.craftItem.tconstruct.materials":15,"stat.craftItem.minecraft.wooden_sword":1,"stat.pickup.minecraft.dye":4,"stat.pickup.minecraft.planks":10,"stat.pickup.sky_orchards.resin_iron":101,"stat.mineBlock.sky_orchards.sapling_petrified":1,"stat.mineBlock.sky_orchards.log_bone":27,"stat.mineBlock.minecraft.dirt":3,"stat.pickup.sky_orchards.acorn_iron":59,"stat.drop.minecraft.iron_axe":1,"stat.useItem.minecraft.torch":24,"stat.pickup.sky_orchards.sapling_iron":62,"stat.mineBlock.sky_orchards.sapling_dirt":1,"stat.craftItem.minecraft.crafting_table":1,"stat.mineBlock.sky_orchards.sapling_clay":1,"stat.pickup.minecraft.log":1408,"stat.pickup.sky_orchards.resin_gravel":549,"stat.drop.minecraft.planks":8,"stat.pickup.sky_orchards.acorn_sand":130,"stat.craftItem.sky_orchards.acorn_sand":20,"stat.pickup.minecraft.sapling":8,"stat.craftItem.minecraft.planks":840,"stat.useItem.minecraft.iron_sword":32,"stat.killEntity.rogue_android":2,"stat.craftItem.minecraft.dirt":36,"stat.pickup.morecauldrons.oak_cauldron":1,"stat.mineBlock.minecraft.log":31,"stat.mineBlock.sky_orchards.log_clay":113,"stat.pickup.rustic.sapling_apple":6,"stat.useItem.inspirations.bone_crook":749,"stat.useItem.sky_orchards.acorn_sand":33,"stat.useItem.sky_orchards.sapling_coal":8,"stat.sneakTime":34265,"stat.mineBlock.sky_orchards.log_cottonwood":10,"stat.useItem.minecraft.wooden_axe":245,"stat.craftItem.minecraft.cobblestone":25,"stat.useItem.sky_orchards.sapling_dirt":43,"stat.drop.minecraft.wooden_axe":1,"stat.pickup.minecraft.chest":1,"stat.cakeSlicesEaten":5,"stat.pickup.minecraft.bone":4,"stat.drop.sky_orchards.resin_dirt":4,"stat.useItem.minecraft.iron_axe":1628,"stat.mineBlock.sky_orchards.leaves_gravel":970,"stat.pickup.minecraft.flint":80,"stat.killEntity.Human":4,"stat.pickup.sky_orchards.resin_dirt":434,"stat.pickup.pickletweaks.coal_piece":12,"stat.craftItem.sky_orchards.amber_iron":36,"stat.craftItem.inspirations.bone_crook":2,"stat.swimOneCm":11226,"stat.climbOneCm":6933,"stat.useItem.minecraft.dirt":27,"stat.pickup.inspirations.bone_crook":1,"stat.drop.inspirations.bone_crook":1,"stat.useItem.minecraft.stone_slab2":62,"stat.entityKilledBy.ranged_rogue_android":1,"stat.mineBlock.sky_orchards.leaves_dirt":682,"stat.flyOneCm":30934,"stat.mineBlock.sky_orchards.leaves_coal":208,"stat.pickup.sky_orchards.resin_coal":85,"stat.craftItem.minecraft.wooden_slab":792,"stat.pickup.sky_orchards.sapling_petrified":86,"stat.timeSinceDeath":0,"stat.mineBlock.sky_orchards.leaves_cottonwood":5,"stat.drop.minecraft.log":1,"stat.useItem.minecraft.sign":2,"stat.useItem.minecraft.wooden_slab":697,"stat.mineBlock.sky_orchards.sapling_sand":3,"stat.pickup.minecraft.cake":1,"stat.useItem.sky_orchards.sapling_clay":12,"stat.pickup.minecraft.string":4,"stat.mineBlock.sky_orchards.leaves_clay":290,"stat.entityKilledBy.Skeleton":1,"stat.craftItem.minecraft.stone_slab2":0,"stat.pickup.sky_orchards.sapling_cottonwood":3,"stat.useItem.sky_orchards.sapling_petrified":24,"stat.craftItem.tconstruct.tooltables":1,"stat.sprintOneCm":267499,"stat.craftItem.minecraft.stick":156,"stat.craftItem.minecraft.wooden_axe":12,"stat.useItem.carryon.tile_item":5,"stat.mineBlock.sky_orchards.leaves_petrified":342,"stat.mineBlock.sky_orchards.sapling_iron":1,"stat.pickup.inspirations.wooden_crook":3,"stat.craftItem.minecraft.clay_ball":16,"stat.mineBlock.minecraft.planks":7,"stat.drop":35,"stat.useItem.minecraft.wooden_sword":50,"stat.mineBlock.rustic.leaves_apple":53,"stat.mineBlock.bonsaitrees.bonsaipot":2,"stat.killEntity.Zombie":6,"stat.craftItem.minecraft.clay":4,"stat.diveOneCm":9043,"stat.pickup.sky_orchards.acorn_cottonwood":2,"stat.pickup.minecraft.sign":1,"stat.mineBlock.sky_orchards.leaves_bone":3,"stat.pickup.sky_orchards.resin_clay":161,"stat.jump":1920,"stat.pickup.minecraft.fence":38,"stat.pickup.minecraft.iron_ingot":1,"stat.craftItem.bonsaitrees.bonsaipot":1,"stat.pickup.minecraft.gunpowder":2,"stat.craftItem.minecraft.torch":28,"stat.mineBlock.sky_orchards.log_sand":282,"stat.pickup.minecraft.dirt":5,"stat.pickup.sky_orchards.resin_bone":43,"stat.pickup.minecraft.iron_axe":2,"stat.mineBlock.minecraft.leaves2":7,"stat.damageTaken":2035,"stat.mineBlock.minecraft.torch":4,"stat.pickup.minecraft.log2":18,"stat.pickup.sky_orchards.sapling_clay":60,"stat.killEntity.bouncy_creepers.bouncy_creeper":2,"stat.damageDealt":4946,"stat.mineBlock.sky_orchards.log_iron":67,"stat.craftItem.minecraft.iron_sword":1,"stat.pickup.sky_orchards.acorn_bone":5,"stat.walkOneCm":1585496,"stat.useItem.minecraft.chest":4,"stat.playerKills":1,"stat.pickup.sky_orchards.sapling_bone":3,"stat.craftItem.inspirations.wooden_crook":17,"stat.pickup.sky_orchards.acorn_clay":67,"stat.mineBlock.sky_orchards.log_gravel":363,"stat.drop.inspirations.wooden_crook":1,"stat.pickup.sky_orchards.acorn_gravel":240,"stat.drop.minecraft.wooden_slab":3,"stat.pickup.sky_orchards.sapling_gravel":193,"stat.drop.sky_orchards.sapling_dirt":3,"stat.entityKilledBy.rogue_android":2,"stat.killEntity.Spider":1,"stat.mobKills":17,"stat.craftItem.minecraft.fence":105,"stat.pickup.minecraft.torch":4,"stat.craftItem.minecraft.brick":16,"stat.mineBlock.sky_orchards.log_petrified":204}