{"stat.chestOpened":21,"stat.pickup.minecraft.wooden_slab":3,"stat.drop.sky_orchards.resin_dirt":12,"stat.craftItem.ceramics.unfired_clay":1,"stat.leaveGame":5,"stat.pickup.sky_orchards.acorn_petrified":19,"stat.pickup.sky_orchards.resin_dirt":74,"stat.useItem.inspirations.wooden_crook":188,"stat.pickup.sky_orchards.resin_clay":9,"stat.jump":53,"stat.craftItem.tconstruct.rack":2,"stat.useItem.minecraft.planks":1,"stat.fallOneCm":33214,"stat.craftItem.sky_orchards.sapling_petrified":1,"stat.crouchOneCm":3327,"stat.mineBlock.sky_orchards.log_dirt":37,"stat.useItem.minecraft.stone_slab2":19,"stat.craftingTableInteraction":32,"stat.pickup.sky_orchards.sapling_dirt":27,"stat.damageTaken":340,"stat.mineBlock.sky_orchards.leaves_dirt":128,"stat.pickup.minecraft.planks":5,"stat.flyOneCm":457,"stat.craftItem.minecraft.wooden_slab":36,"stat.pickup.sky_orchards.resin_petrified":23,"stat.pickup.sky_orchards.sapling_clay":8,"stat.damageDealt":115,"stat.pickup.sky_orchards.sapling_petrified":17,"stat.timeSinceDeath":7273,"stat.useItem.minecraft.wooden_slab":24,"stat.craftItem.minecraft.stone_slab":12,"stat.walkOneCm":89861,"stat.useItem.morecauldrons.oak_cauldron":4,"stat.pickup.minecraft.wooden_axe":1,"stat.craftItem.minecraft.crafting_table":1,"stat.craftItem.inspirations.wooden_crook":6,"stat.furnaceInteraction":3,"stat.pickup.sky_orchards.acorn_clay":6,"stat.useItem.tconstruct.rack":1,"stat.useItem.sky_orchards.sapling_clay":2,"stat.craftItem.ceramics.clay_bucket":1,"stat.craftItem.morecauldrons.oak_cauldron":6,"stat.pickup.minecraft.log":48,"stat.drop.inspirations.wooden_crook":3,"stat.craftItem.rustic.crushing_tub":1,"stat.mineBlock.sky_orchards.leaves_clay":61,"stat.drop.sky_orchards.acorn_dirt":8,"stat.useItem.sky_orchards.sapling_petrified":2,"stat.pickup.sky_orchards.acorn_dirt":32,"stat.sprintOneCm":635,"stat.craftItem.minecraft.stick":24,"stat.drop.sky_orchards.sapling_dirt":6,"stat.useItem.carryon.tile_item":1,"stat.mineBlock.sky_orchards.leaves_petrified":112,"stat.craftItem.minecraft.planks":74,"stat.craftItem.minecraft.clay_ball":4,"stat.mineBlock.sky_orchards.log_clay":6,"stat.deaths":1,"stat.drop":29,"stat.craftItem.slabmachines.furnace_slab":1,"stat.playOneMinute":56658,"stat.craftItem.sky_orchards.sapling_clay":1,"stat.sneakTime":3421,"stat.useItem.minecraft.wooden_axe":20,"stat.craftItem.minecraft.clay":1,"stat.craftItem.minecraft.cobblestone":6,"stat.useItem.sky_orchards.sapling_dirt":1,"stat.mineBlock.sky_orchards.log_petrified":11}