{"stat.chestOpened":23,"stat.pickup.minecraft.wooden_slab":2,"stat.drop.sky_orchards.resin_dirt":4,"stat.leaveGame":5,"stat.killEntity.Human":1,"stat.pickup.sky_orchards.acorn_petrified":5,"stat.pickup.sky_orchards.resin_dirt":58,"stat.useItem.inspirations.wooden_crook":76,"stat.jump":258,"stat.fallOneCm":9463,"stat.useItem.minecraft.planks":1,"stat.pickup.minecraft.iron_ingot":1,"stat.crouchOneCm":56163,"stat.mineBlock.sky_orchards.log_dirt":19,"stat.craftItem.minecraft.chest":1,"stat.useItem.minecraft.dirt":4,"stat.pickup.minecraft.dirt":2,"stat.useItem.minecraft.stone_slab2":23,"stat.craftingTableInteraction":27,"stat.pickup.minecraft.rotten_flesh":3,"stat.pickup.sky_orchards.sapling_dirt":15,"stat.mineBlock.sky_orchards.leaves_dirt":188,"stat.mineBlock.minecraft.wooden_slab":1,"stat.pickup.minecraft.planks":3,"stat.flyOneCm":655,"stat.craftItem.minecraft.wooden_slab":366,"stat.pickup.sky_orchards.resin_petrified":18,"stat.pickup.sky_orchards.sapling_clay":1,"stat.damageDealt":652,"stat.pickup.sky_orchards.sapling_petrified":15,"stat.timeSinceDeath":64766,"stat.drop.minecraft.log":1,"stat.mineBlock.minecraft.dirt":3,"stat.useItem.minecraft.wooden_slab":316,"stat.walkOneCm":162924,"stat.furnaceInteraction":2,"stat.pickup.sky_orchards.acorn_clay":1,"stat.pickup.minecraft.log":42,"stat.drop.minecraft.planks":8,"stat.drop.sky_orchards.acorn_dirt":10,"stat.useItem.sky_orchards.sapling_petrified":2,"stat.pickup.sky_orchards.acorn_dirt":36,"stat.sprintOneCm":13465,"stat.drop.minecraft.wooden_slab":3,"stat.craftItem.minecraft.stick":4,"stat.craftItem.minecraft.wooden_axe":2,"stat.drop.sky_orchards.sapling_dirt":2,"stat.useItem.carryon.tile_item":3,"stat.mineBlock.sky_orchards.leaves_petrified":65,"stat.craftItem.minecraft.planks":208,"stat.craftItem.minecraft.dirt":8,"stat.pickup.inspirations.wooden_crook":3,"stat.mobKills":2,"stat.drop":30,"stat.playOneMinute":64766,"stat.sneakTime":15196,"stat.drop.xlfoodmod.donut":1,"stat.killEntity.Zombie":2,"stat.useItem.minecraft.wooden_axe":50,"stat.craftItem.minecraft.cobblestone":1,"stat.useItem.sky_orchards.sapling_dirt":4,"stat.mineBlock.sky_orchards.log_petrified":16,"stat.drop.minecraft.wooden_axe":1}