{"stat.mineBlock.sky_orchards.log_coal":23,"stat.craftItem.sky_orchards.sapling_cottonwood":2,"stat.craftItem.sky_orchards.sapling_sand":1,"stat.pickup.minecraft.wooden_slab":4,"stat.useItem.sky_orchards.sapling_cottonwood":2,"stat.leaveGame":15,"stat.craftItem.minecraft.iron_axe":1,"stat.craftItem.sky_orchards.amber_bone":3,"stat.pickup.rustic.crushing_tub":1,"stat.useItem.minecraft.planks":394,"stat.craftItem.sky_orchards.sapling_petrified":1,"stat.mineBlock.sky_orchards.log_dirt":74,"stat.pickup.sky_orchards.resin_cottonwood":15,"stat.pickup.minecraft.sand":1,"stat.craftItem.sky_orchards.sapling_gravel":1,"stat.pickup.sky_orchards.sapling_dirt":55,"stat.mineBlock.minecraft.sand":1,"stat.pickup.sky_orchards.resin_petrified":27,"stat.craftItem.minecraft.wooden_hoe":1,"stat.craftItem.minecraft.wooden_pickaxe":1,"stat.furnaceInteraction":41,"stat.pickup.sky_orchards.acorn_coal":36,"stat.drop.sky_orchards.acorn_dirt":8,"stat.pickup.sky_orchards.acorn_dirt":90,"stat.pickup.inspirations.potato_seeds":1,"stat.pickup.sky_orchards.sapling_coal":20,"stat.mineBlock.minecraft.fence":1,"stat.craftItem.minecraft.sand":42,"stat.useItem.minecraft.dye":7,"stat.deaths":4,"stat.playOneMinute":241483,"stat.mineBlock.minecraft.tallgrass":12,"stat.useItem.sky_orchards.sapling_sand":13,"stat.chestOpened":214,"stat.pickup.minecraft.arrow":3,"stat.pickup.sky_orchards.acorn_petrified":44,"stat.useItem.inspirations.wooden_crook":1072,"stat.pickup.sky_orchards.resin_sand":104,"stat.craftItem.minecraft.coal":46,"stat.useItem.sky_orchards.sapling_gravel":8,"stat.fallOneCm":144543,"stat.crouchOneCm":9363,"stat.craftItem.minecraft.iron_ingot":9,"stat.craftingTableInteraction":76,"stat.mineBlock.sky_orchards.leaves_sand":235,"stat.pickup.sky_orchards.sapling_sand":55,"stat.craftItem.tconstruct.materials":1,"stat.pickup.minecraft.dye":8,"stat.pickup.minecraft.planks":19,"stat.mineBlock.sky_orchards.log_bone":12,"stat.mineBlock.minecraft.dirt":2,"stat.drop.minecraft.iron_axe":1,"stat.useItem.minecraft.log":1,"stat.craftItem.minecraft.crafting_table":15,"stat.craftItem.ceramics.clay_bucket":1,"stat.pickup.minecraft.log":190,"stat.pickup.sky_orchards.resin_gravel":34,"stat.pickup.sky_orchards.acorn_sand":79,"stat.pickup.minecraft.sapling":10,"stat.pickup.minecraft.beetroot":1,"stat.mineBlock.sky_orchards.sapling_gravel":1,"stat.craftItem.minecraft.planks":578,"stat.pickup.morecauldrons.oak_cauldron":1,"stat.craftItem.minecraft.dirt":12,"stat.mineBlock.minecraft.log":13,"stat.mineBlock.sky_orchards.log_clay":20,"stat.useItem.inspirations.bone_crook":300,"stat.useItem.sky_orchards.sapling_coal":3,"stat.pickup.minecraft.red_flower":1,"stat.useItem.minecraft.beetroot_seeds":1,"stat.sneakTime":7257,"stat.mineBlock.sky_orchards.log_cottonwood":6,"stat.useItem.minecraft.wooden_axe":20,"stat.craftItem.minecraft.cobblestone":6,"stat.useItem.sky_orchards.sapling_dirt":9,"stat.cakeSlicesEaten":2,"stat.pickup.minecraft.bone":3,"stat.drop.sky_orchards.resin_dirt":12,"stat.craftItem.ceramics.unfired_clay":1,"stat.mineBlock.minecraft.cobblestone":1,"stat.mineBlock.sky_orchards.leaves_gravel":240,"stat.useItem.tconstruct.mattock":146,"stat.pickup.minecraft.flint":23,"stat.craftItem.minecraft.bone":6,"stat.pickup.sky_orchards.resin_dirt":128,"stat.craftItem.minecraft.wool":3,"stat.pickup.pickletweaks.coal_piece":12,"stat.craftItem.sky_orchards.amber_iron":10,"stat.craftItem.inspirations.bone_crook":3,"stat.swimOneCm":3945,"stat.mineBlock.morecauldrons.oak_cauldron":2,"stat.useItem.sky_orchards.sapling_bone":7,"stat.useItem.minecraft.dirt":5,"stat.drop.inspirations.bone_crook":1,"stat.pickup.inspirations.bone_crook":1,"stat.useItem.minecraft.stone_slab2":67,"stat.entityKilledBy.ranged_rogue_android":1,"stat.craftItem.sky_orchards.sapling_bone":1,"stat.mineBlock.sky_orchards.leaves_dirt":241,"stat.pickup.minecraft.cobblestone":2,"stat.flyOneCm":15122,"stat.mineBlock.sky_orchards.leaves_coal":73,"stat.pickup.sky_orchards.resin_coal":31,"stat.craftItem.minecraft.wooden_slab":42,"stat.pickup.sky_orchards.sapling_petrified":31,"stat.timeSinceDeath":59370,"stat.mineBlock.sky_orchards.leaves_cottonwood":84,"stat.useItem.minecraft.wooden_slab":30,"stat.mineBlock.sky_orchards.sapling_sand":2,"stat.pickup.minecraft.wooden_axe":1,"stat.useItem.tconstruct.rack":1,"stat.useItem.sky_orchards.sapling_clay":10,"stat.craftItem.tconstruct.soil":48,"stat.pickup.minecraft.string":6,"stat.mineBlock.sky_orchards.leaves_clay":245,"stat.pickup.sky_orchards.sapling_cottonwood":20,"stat.useItem.sky_orchards.sapling_petrified":4,"stat.craftItem.tconstruct.tooltables":14,"stat.sprintOneCm":115275,"stat.craftItem.minecraft.stick":28,"stat.useItem.minecraft.stone_slab":3,"stat.useItem.carryon.tile_item":1,"stat.mineBlock.sky_orchards.leaves_petrified":190,"stat.pickup.inspirations.wooden_crook":1,"stat.craftItem.minecraft.clay_ball":16,"stat.mineBlock.minecraft.planks":13,"stat.drop":32,"stat.craftItem.sky_orchards.sapling_clay":1,"stat.craftItem.minecraft.dye":14,"stat.craftItem.minecraft.clay":35,"stat.diveOneCm":12587,"stat.pickup.tconstruct.tooltables":1,"stat.pickup.sky_orchards.acorn_cottonwood":9,"stat.mineBlock.sky_orchards.leaves_bone":352,"stat.craftItem.sky_orchards.sapling_coal":1,"stat.pickup.sky_orchards.resin_clay":55,"stat.jump":615,"stat.useItem.minecraft.sand":1,"stat.craftItem.tconstruct.rack":2,"stat.useItem.minecraft.wooden_hoe":4,"stat.pickup.minecraft.fence":1,"stat.useItem.tconstruct.tooltables":12,"stat.craftItem.bonsaitrees.bonsaipot":1,"stat.mineBlock.sky_orchards.log_sand":11,"stat.pickup.minecraft.dirt":2,"stat.pickup.sky_orchards.resin_bone":15,"stat.pickup.sky_orchards.leaves_cottonwood":1,"stat.mineBlock.tconstruct.tooltables":1,"stat.damageTaken":1474,"stat.mineBlock.minecraft.torch":2,"stat.mineBlock.minecraft.red_flower":1,"stat.useItem.minecraft.wooden_pickaxe":1,"stat.drop.sky_orchards.sapling_gravel":1,"stat.pickup.sky_orchards.sapling_clay":39,"stat.damageDealt":970,"stat.craftItem.minecraft.gravel":33,"stat.pickup.sky_orchards.acorn_bone":44,"stat.craftItem.minecraft.stone_slab":12,"stat.walkOneCm":711097,"stat.pickup.ceramics.clay_bucket":1,"stat.useItem.morecauldrons.oak_cauldron":4,"stat.playerKills":1,"stat.pickup.minecraft.stick":15,"stat.pickup.sky_orchards.sapling_bone":41,"stat.craftItem.inspirations.wooden_crook":12,"stat.pickup.sky_orchards.acorn_clay":49,"stat.craftItem.morecauldrons.oak_cauldron":7,"stat.mineBlock.sky_orchards.log_gravel":16,"stat.drop.inspirations.wooden_crook":3,"stat.craftItem.rustic.crushing_tub":1,"stat.pickup.sky_orchards.acorn_gravel":96,"stat.pickup.sky_orchards.sapling_gravel":43,"stat.drop.sky_orchards.sapling_dirt":6,"stat.craftItem.minecraft.shears":1,"stat.craftItem.farmingforblockheads.market":1,"stat.mineBlock.minecraft.leaves":147,"stat.pickup.minecraft.beetroot_seeds":3,"stat.craftItem.slabmachines.furnace_slab":1,"stat.mineBlock.rustic.crushing_tub":1,"stat.pickup.minecraft.torch":2,"stat.craftItem.minecraft.brick":5,"stat.mineBlock.sky_orchards.log_petrified":12}