{"stat.chestOpened":28,"stat.pickup.tconstruct.tooltables":3,"stat.leaveGame":6,"stat.pickup.minecraft.flint":1,"stat.pickup.sky_orchards.resin_dirt":12,"stat.pickup.pickletweaks.coal_piece":1,"stat.entityKilledBy.Human":1,"stat.pickup.sky_orchards.resin_clay":8,"stat.jump":81,"stat.swimOneCm":261,"stat.useItem.sky_orchards.sapling_gravel":3,"stat.fallOneCm":238647,"stat.useItem.minecraft.planks":1,"stat.crouchOneCm":3138,"stat.mineBlock.minecraft.chest":1,"stat.craftItem.minecraft.chest":3,"stat.useItem.sky_orchards.sapling_bone":1,"stat.useItem.minecraft.stone_slab2":11,"stat.mineBlock.sky_orchards.leaves_sand":8,"stat.pickup.sky_orchards.resin_bone":8,"stat.pickup.sky_orchards.sapling_sand":1,"stat.pickup.sky_orchards.sapling_dirt":13,"stat.mineBlock.tconstruct.tooltables":3,"stat.craftItem.tconstruct.pattern":74,"stat.damageTaken":320,"stat.mineBlock.sky_orchards.leaves_dirt":12,"stat.pickup.minecraft.dye":1,"stat.pickup.minecraft.planks":3,"stat.flyOneCm":391,"stat.craftItem.minecraft.wooden_slab":12,"stat.damageDealt":18,"stat.mineBlock.sky_orchards.log_bone":5,"stat.timeSinceDeath":15654,"stat.drop.minecraft.log":3,"stat.useItem.minecraft.wooden_slab":11,"stat.walkOneCm":95956,"stat.pickup.minecraft.stick":1,"stat.craftItem.minecraft.crafting_table":2,"stat.pickup.sky_orchards.acorn_clay":1,"stat.useItem.sky_orchards.sapling_clay":3,"stat.pickup.minecraft.log":26,"stat.mineBlock.sky_orchards.log_gravel":10,"stat.pickup.sky_orchards.resin_gravel":16,"stat.useItem.tconstruct.edible":1,"stat.pickup.sky_orchards.acorn_gravel":2,"stat.mineBlock.sky_orchards.leaves_clay":7,"stat.craftItem.minecraft.stone_slab2":1,"stat.drop.minecraft.planks":3,"stat.pickup.sky_orchards.acorn_sand":4,"stat.drop.sky_orchards.acorn_dirt":10,"stat.craftItem.tconstruct.tooltables":7,"stat.pickup.sky_orchards.acorn_dirt":12,"stat.sprintOneCm":395,"stat.pickup.sky_orchards.sapling_coal":1,"stat.pickup.sky_orchards.sapling_gravel":1,"stat.craftItem.minecraft.stick":20,"stat.drop.sky_orchards.sapling_dirt":11,"stat.mineBlock.sky_orchards.log_clay":6,"stat.mineBlock.minecraft.planks":1,"stat.deaths":1,"stat.drop":27,"stat.playOneMinute":39832,"stat.useItem.sky_orchards.sapling_coal":1,"stat.sneakTime":906,"stat.pickup.xlfoodmod.donut":1,"stat.useItem.sky_orchards.sapling_dirt":1,"stat.useItem.tconstruct.hatchet":21,"stat.pickup.minecraft.chest":1,"stat.useItem.sky_orchards.sapling_sand":2}