{"stat.mineBlock.sky_orchards.log_coal":40,"stat.pickup.minecraft.bone":2,"stat.pickup.minecraft.wooden_slab":6,"stat.drop.sky_orchards.resin_dirt":4,"stat.useItem.minecraft.iron_axe":849,"stat.leaveGame":17,"stat.mineBlock.sky_orchards.leaves_gravel":631,"stat.pickup.minecraft.flint":51,"stat.killEntity.Human":4,"stat.craftItem.minecraft.iron_axe":7,"stat.pickup.sky_orchards.resin_dirt":264,"stat.pickup.pickletweaks.coal_piece":10,"stat.craftItem.sky_orchards.amber_iron":18,"stat.craftItem.inspirations.bone_crook":2,"stat.swimOneCm":1223,"stat.useItem.minecraft.planks":1,"stat.mineBlock.sky_orchards.log_dirt":156,"stat.useItem.minecraft.dirt":14,"stat.pickup.inspirations.bone_crook":1,"stat.drop.inspirations.bone_crook":1,"stat.useItem.minecraft.stone_slab2":55,"stat.entityKilledBy.ranged_rogue_android":1,"stat.pickup.sky_orchards.resin_cottonwood":8,"stat.pickup.minecraft.rotten_flesh":6,"stat.pickup.sky_orchards.sapling_dirt":79,"stat.killEntity.Enderman":1,"stat.mineBlock.sky_orchards.leaves_dirt":438,"stat.mineBlock.minecraft.wooden_slab":4,"stat.flyOneCm":21532,"stat.mineBlock.sky_orchards.leaves_coal":168,"stat.pickup.sky_orchards.resin_coal":59,"stat.craftItem.minecraft.wooden_slab":792,"stat.pickup.sky_orchards.resin_petrified":50,"stat.pickup.sky_orchards.sapling_petrified":23,"stat.timeSinceDeath":64773,"stat.mineBlock.sky_orchards.leaves_cottonwood":5,"stat.drop.minecraft.log":1,"stat.useItem.minecraft.sign":2,"stat.useItem.minecraft.wooden_slab":675,"stat.mineBlock.sky_orchards.sapling_sand":2,"stat.pickup.minecraft.cake":1,"stat.furnaceInteraction":36,"stat.useItem.sky_orchards.sapling_clay":12,"stat.pickup.minecraft.string":2,"stat.craftItem.sky_orchards.acorn_dirt":3,"stat.pickup.sky_orchards.acorn_coal":38,"stat.mineBlock.sky_orchards.leaves_clay":279,"stat.craftItem.minecraft.stone_slab2":0,"stat.pickup.sky_orchards.sapling_cottonwood":3,"stat.drop.sky_orchards.acorn_dirt":10,"stat.useItem.sky_orchards.sapling_petrified":2,"stat.craftItem.tconstruct.tooltables":1,"stat.pickup.sky_orchards.acorn_dirt":106,"stat.sprintOneCm":184476,"stat.pickup.sky_orchards.sapling_coal":35,"stat.useItem.minecraft.fence":91,"stat.craftItem.minecraft.stick":136,"stat.craftItem.minecraft.wooden_axe":8,"stat.useItem.carryon.tile_item":5,"stat.mineBlock.sky_orchards.leaves_petrified":91,"stat.mineBlock.minecraft.fence":30,"stat.pickup.inspirations.wooden_crook":3,"stat.craftItem.minecraft.clay_ball":16,"stat.useItem.minecraft.dye":2,"stat.deaths":2,"stat.drop":35,"stat.playOneMinute":255844,"stat.useItem.minecraft.wooden_sword":50,"stat.useItem.sky_orchards.acorn_dirt":3,"stat.drop.xlfoodmod.donut":1,"stat.mineBlock.bonsaitrees.bonsaipot":2,"stat.killEntity.Zombie":6,"stat.drop.minecraft.chest":1,"stat.craftItem.minecraft.clay":4,"stat.diveOneCm":1481,"stat.useItem.sky_orchards.sapling_sand":19,"stat.chestOpened":212,"stat.pickup.sky_orchards.acorn_cottonwood":2,"stat.craftItem.minecraft.sign":3,"stat.pickup.minecraft.sign":1,"stat.mineBlock.sky_orchards.leaves_bone":3,"stat.pickup.minecraft.arrow":2,"stat.pickup.sky_orchards.acorn_petrified":13,"stat.useItem.inspirations.wooden_crook":620,"stat.pickup.sky_orchards.resin_sand":261,"stat.craftItem.minecraft.coal":3,"stat.pickup.sky_orchards.resin_clay":154,"stat.jump":1342,"stat.useItem.sky_orchards.sapling_gravel":35,"stat.pickup.minecraft.fence":32,"stat.fallOneCm":21591,"stat.pickup.minecraft.iron_ingot":1,"stat.craftItem.bonsaitrees.bonsaipot":1,"stat.crouchOneCm":113204,"stat.craftItem.minecraft.chest":6,"stat.craftItem.minecraft.torch":12,"stat.craftItem.minecraft.iron_ingot":6,"stat.mineBlock.sky_orchards.log_sand":178,"stat.pickup.minecraft.dirt":5,"stat.craftingTableInteraction":56,"stat.mineBlock.sky_orchards.leaves_sand":240,"stat.pickup.sky_orchards.resin_bone":43,"stat.pickup.sky_orchards.sapling_sand":60,"stat.pickup.minecraft.iron_axe":2,"stat.damageTaken":565,"stat.mineBlock.minecraft.torch":3,"stat.craftItem.tconstruct.materials":15,"stat.craftItem.minecraft.wooden_sword":1,"stat.pickup.minecraft.dye":4,"stat.pickup.minecraft.planks":3,"stat.pickup.sky_orchards.sapling_clay":57,"stat.damageDealt":2556,"stat.mineBlock.sky_orchards.log_bone":27,"stat.mineBlock.minecraft.dirt":3,"stat.pickup.sky_orchards.acorn_bone":5,"stat.drop.minecraft.iron_axe":1,"stat.walkOneCm":1017609,"stat.useItem.minecraft.torch":11,"stat.useItem.minecraft.chest":3,"stat.playerKills":1,"stat.pickup.sky_orchards.sapling_bone":3,"stat.craftItem.minecraft.crafting_table":1,"stat.craftItem.inspirations.wooden_crook":4,"stat.pickup.sky_orchards.acorn_clay":63,"stat.mineBlock.sky_orchards.sapling_clay":1,"stat.pickup.minecraft.log":773,"stat.mineBlock.sky_orchards.log_gravel":195,"stat.drop.inspirations.wooden_crook":1,"stat.pickup.sky_orchards.resin_gravel":298,"stat.pickup.sky_orchards.acorn_gravel":140,"stat.drop.minecraft.planks":8,"stat.pickup.sky_orchards.acorn_sand":86,"stat.craftItem.sky_orchards.acorn_sand":20,"stat.pickup.minecraft.sapling":7,"stat.drop.minecraft.wooden_slab":3,"stat.pickup.sky_orchards.sapling_gravel":108,"stat.drop.sky_orchards.sapling_dirt":3,"stat.craftItem.minecraft.planks":804,"stat.craftItem.minecraft.dirt":22,"stat.pickup.morecauldrons.oak_cauldron":1,"stat.mobKills":12,"stat.mineBlock.minecraft.log":23,"stat.craftItem.minecraft.fence":105,"stat.mineBlock.sky_orchards.log_clay":108,"stat.useItem.inspirations.bone_crook":749,"stat.pickup.minecraft.torch":3,"stat.useItem.sky_orchards.acorn_sand":15,"stat.useItem.sky_orchards.sapling_coal":8,"stat.sneakTime":31454,"stat.mineBlock.sky_orchards.log_cottonwood":10,"stat.useItem.minecraft.wooden_axe":186,"stat.craftItem.minecraft.brick":16,"stat.craftItem.minecraft.cobblestone":1,"stat.useItem.sky_orchards.sapling_dirt":29,"stat.mineBlock.sky_orchards.log_petrified":37,"stat.drop.minecraft.wooden_axe":1,"stat.pickup.minecraft.chest":1}