{"stat.mineBlock.sky_orchards.log_coal":36,"stat.pickup.minecraft.bone":1,"stat.pickup.minecraft.wooden_slab":6,"stat.drop.sky_orchards.resin_dirt":4,"stat.useItem.minecraft.iron_axe":624,"stat.leaveGame":14,"stat.mineBlock.sky_orchards.leaves_gravel":454,"stat.pickup.minecraft.flint":38,"stat.killEntity.Human":2,"stat.craftItem.minecraft.iron_axe":4,"stat.pickup.sky_orchards.resin_dirt":102,"stat.pickup.pickletweaks.coal_piece":7,"stat.craftItem.sky_orchards.amber_iron":10,"stat.craftItem.inspirations.bone_crook":2,"stat.swimOneCm":373,"stat.useItem.minecraft.planks":1,"stat.mineBlock.sky_orchards.log_dirt":52,"stat.useItem.minecraft.dirt":6,"stat.pickup.inspirations.bone_crook":1,"stat.useItem.minecraft.stone_slab2":41,"stat.entityKilledBy.ranged_rogue_android":1,"stat.pickup.sky_orchards.resin_cottonwood":7,"stat.pickup.minecraft.rotten_flesh":3,"stat.pickup.sky_orchards.sapling_dirt":44,"stat.killEntity.Enderman":1,"stat.mineBlock.sky_orchards.leaves_dirt":365,"stat.mineBlock.minecraft.wooden_slab":4,"stat.flyOneCm":9953,"stat.mineBlock.sky_orchards.leaves_coal":124,"stat.pickup.sky_orchards.resin_coal":53,"stat.craftItem.minecraft.wooden_slab":408,"stat.pickup.sky_orchards.resin_petrified":50,"stat.pickup.sky_orchards.sapling_petrified":23,"stat.timeSinceDeath":388,"stat.mineBlock.sky_orchards.leaves_cottonwood":5,"stat.drop.minecraft.log":1,"stat.useItem.minecraft.sign":2,"stat.useItem.minecraft.wooden_slab":389,"stat.mineBlock.sky_orchards.sapling_sand":2,"stat.pickup.minecraft.cake":1,"stat.furnaceInteraction":28,"stat.useItem.sky_orchards.sapling_clay":12,"stat.pickup.minecraft.string":2,"stat.craftItem.sky_orchards.acorn_dirt":3,"stat.pickup.sky_orchards.acorn_coal":29,"stat.mineBlock.sky_orchards.leaves_clay":226,"stat.craftItem.minecraft.stone_slab2":0,"stat.pickup.sky_orchards.sapling_cottonwood":3,"stat.drop.sky_orchards.acorn_dirt":10,"stat.useItem.sky_orchards.sapling_petrified":2,"stat.craftItem.tconstruct.tooltables":1,"stat.pickup.sky_orchards.acorn_dirt":57,"stat.sprintOneCm":132689,"stat.pickup.sky_orchards.sapling_coal":27,"stat.useItem.minecraft.fence":90,"stat.craftItem.minecraft.stick":136,"stat.craftItem.minecraft.wooden_axe":8,"stat.useItem.carryon.tile_item":5,"stat.mineBlock.sky_orchards.leaves_petrified":91,"stat.pickup.inspirations.wooden_crook":3,"stat.deaths":2,"stat.drop":31,"stat.playOneMinute":191459,"stat.useItem.minecraft.wooden_sword":25,"stat.useItem.sky_orchards.acorn_dirt":3,"stat.drop.xlfoodmod.donut":1,"stat.killEntity.Zombie":3,"stat.drop.minecraft.chest":1,"stat.useItem.sky_orchards.sapling_sand":19,"stat.chestOpened":154,"stat.pickup.sky_orchards.acorn_cottonwood":2,"stat.craftItem.minecraft.sign":3,"stat.pickup.minecraft.sign":1,"stat.pickup.minecraft.arrow":2,"stat.pickup.sky_orchards.acorn_petrified":13,"stat.useItem.inspirations.wooden_crook":330,"stat.pickup.sky_orchards.resin_sand":257,"stat.craftItem.minecraft.coal":3,"stat.pickup.sky_orchards.resin_clay":146,"stat.jump":922,"stat.useItem.sky_orchards.sapling_gravel":25,"stat.fallOneCm":15623,"stat.pickup.minecraft.iron_ingot":1,"stat.crouchOneCm":74658,"stat.craftItem.minecraft.chest":6,"stat.craftItem.minecraft.torch":8,"stat.craftItem.minecraft.iron_ingot":6,"stat.mineBlock.sky_orchards.log_sand":178,"stat.pickup.minecraft.dirt":2,"stat.craftingTableInteraction":50,"stat.mineBlock.sky_orchards.leaves_sand":240,"stat.pickup.sky_orchards.resin_bone":2,"stat.pickup.sky_orchards.sapling_sand":58,"stat.pickup.minecraft.iron_axe":1,"stat.damageTaken":545,"stat.mineBlock.minecraft.torch":1,"stat.craftItem.tconstruct.materials":15,"stat.craftItem.minecraft.wooden_sword":1,"stat.pickup.minecraft.planks":3,"stat.pickup.sky_orchards.sapling_clay":48,"stat.damageDealt":1513,"stat.mineBlock.minecraft.dirt":3,"stat.pickup.sky_orchards.acorn_bone":4,"stat.walkOneCm":701163,"stat.useItem.minecraft.torch":8,"stat.useItem.minecraft.chest":3,"stat.playerKills":1,"stat.pickup.sky_orchards.sapling_bone":1,"stat.craftItem.minecraft.crafting_table":1,"stat.pickup.sky_orchards.acorn_clay":57,"stat.mineBlock.sky_orchards.sapling_clay":1,"stat.pickup.minecraft.log":605,"stat.mineBlock.sky_orchards.log_gravel":170,"stat.pickup.sky_orchards.resin_gravel":257,"stat.pickup.sky_orchards.acorn_gravel":112,"stat.drop.minecraft.planks":8,"stat.pickup.sky_orchards.acorn_sand":84,"stat.craftItem.sky_orchards.acorn_sand":20,"stat.pickup.minecraft.sapling":7,"stat.drop.minecraft.wooden_slab":3,"stat.pickup.sky_orchards.sapling_gravel":90,"stat.drop.sky_orchards.sapling_dirt":2,"stat.craftItem.minecraft.planks":540,"stat.craftItem.minecraft.dirt":14,"stat.mobKills":7,"stat.mineBlock.minecraft.log":23,"stat.craftItem.minecraft.fence":105,"stat.mineBlock.sky_orchards.log_clay":103,"stat.useItem.inspirations.bone_crook":749,"stat.pickup.minecraft.torch":1,"stat.useItem.sky_orchards.acorn_sand":8,"stat.useItem.sky_orchards.sapling_coal":5,"stat.sneakTime":21917,"stat.mineBlock.sky_orchards.log_cottonwood":10,"stat.useItem.minecraft.wooden_axe":186,"stat.craftItem.minecraft.cobblestone":1,"stat.useItem.sky_orchards.sapling_dirt":8,"stat.mineBlock.sky_orchards.log_petrified":37,"stat.drop.minecraft.wooden_axe":1,"stat.pickup.minecraft.chest":1}