{"stat.walkOneCm":28532,"stat.pickup.minecraft.wooden_slab":3,"stat.drop.sky_orchards.resin_dirt":12,"stat.leaveGame":2,"stat.craftItem.minecraft.crafting_table":1,"stat.useItem.tconstruct.rack":1,"stat.pickup.sky_orchards.resin_dirt":27,"stat.pickup.minecraft.log":18,"stat.jump":9,"stat.craftItem.tconstruct.rack":2,"stat.crouchOneCm":3084,"stat.mineBlock.sky_orchards.log_dirt":27,"stat.drop.sky_orchards.acorn_dirt":7,"stat.pickup.sky_orchards.acorn_dirt":16,"stat.useItem.minecraft.stone_slab2":10,"stat.craftingTableInteraction":15,"stat.drop.sky_orchards.sapling_dirt":6,"stat.pickup.sky_orchards.sapling_dirt":10,"stat.craftItem.minecraft.planks":44,"stat.mineBlock.sky_orchards.leaves_dirt":60,"stat.pickup.minecraft.planks":5,"stat.drop":25,"stat.playOneMinute":22002,"stat.craftItem.minecraft.wooden_slab":36,"stat.sneakTime":2285,"stat.damageDealt":10,"stat.timeSinceDeath":22002,"stat.useItem.minecraft.wooden_slab":24}