{"stat.walkOneCm":65452,"stat.drop.sky_orchards.resin_dirt":4,"stat.leaveGame":3,"stat.pickup.sky_orchards.resin_dirt":31,"stat.pickup.minecraft.log":12,"stat.jump":196,"stat.fallOneCm":8836,"stat.useItem.minecraft.planks":1,"stat.drop.minecraft.planks":8,"stat.crouchOneCm":8505,"stat.mineBlock.sky_orchards.log_dirt":2,"stat.drop.sky_orchards.acorn_dirt":10,"stat.craftItem.minecraft.chest":1,"stat.pickup.sky_orchards.acorn_dirt":18,"stat.sprintOneCm":419,"stat.useItem.minecraft.stone_slab2":5,"stat.drop.minecraft.wooden_slab":3,"stat.craftingTableInteraction":13,"stat.drop.sky_orchards.sapling_dirt":1,"stat.pickup.sky_orchards.sapling_dirt":5,"stat.craftItem.minecraft.planks":44,"stat.craftItem.minecraft.dirt":2,"stat.mineBlock.sky_orchards.leaves_dirt":47,"stat.pickup.minecraft.planks":3,"stat.flyOneCm":295,"stat.drop":28,"stat.playOneMinute":29919,"stat.craftItem.minecraft.wooden_slab":24,"stat.sneakTime":3409,"stat.drop.xlfoodmod.donut":1,"stat.timeSinceDeath":29919,"stat.drop.minecraft.log":1,"stat.useItem.minecraft.wooden_slab":21,"stat.useItem.sky_orchards.sapling_dirt":3}