{"stat.mineBlock.sky_orchards.log_coal":23,"stat.craftItem.sky_orchards.sapling_cottonwood":2,"stat.craftItem.sky_orchards.sapling_sand":1,"stat.pickup.minecraft.wooden_slab":6,"stat.useItem.sky_orchards.sapling_cottonwood":2,"stat.leaveGame":19,"stat.craftItem.minecraft.iron_axe":1,"stat.craftItem.sky_orchards.amber_bone":9,"stat.mineBlock.farmingforblockheads.market":5,"stat.pickup.rustic.crushing_tub":1,"stat.useItem.minecraft.planks":394,"stat.craftItem.sky_orchards.sapling_petrified":1,"stat.mineBlock.sky_orchards.log_dirt":74,"stat.pickup.sky_orchards.resin_cottonwood":15,"stat.useItem.minecraft.water_bucket":1,"stat.pickup.minecraft.rotten_flesh":2,"stat.pickup.minecraft.sand":1,"stat.craftItem.sky_orchards.sapling_gravel":1,"stat.pickup.sky_orchards.sapling_dirt":64,"stat.mineBlock.minecraft.wooden_slab":4,"stat.mineBlock.minecraft.sand":1,"stat.pickup.sky_orchards.resin_petrified":41,"stat.craftItem.minecraft.wooden_hoe":1,"stat.craftItem.minecraft.wooden_pickaxe":1,"stat.furnaceInteraction":58,"stat.mineBlock.sky_orchards.amber_iron":3,"stat.pickup.sky_orchards.acorn_coal":43,"stat.mineBlock.tcomplement.melter":2,"stat.drop.sky_orchards.acorn_dirt":8,"stat.pickup.sky_orchards.acorn_dirt":103,"stat.pickup.inspirations.potato_seeds":1,"stat.pickup.sky_orchards.sapling_coal":25,"stat.mineBlock.minecraft.fence":1,"stat.craftItem.minecraft.sand":42,"stat.useItem.minecraft.dye":27,"stat.deaths":5,"stat.pickup.sky_orchards.leaves_dirt":3,"stat.playOneMinute":296398,"stat.mineBlock.minecraft.tallgrass":12,"stat.useItem.sky_orchards.sapling_sand":13,"stat.pickup.tconstruct.seared":1,"stat.chestOpened":275,"stat.pickup.minecraft.arrow":3,"stat.pickup.sky_orchards.acorn_petrified":68,"stat.useItem.inspirations.wooden_crook":1072,"stat.pickup.sky_orchards.resin_sand":140,"stat.craftItem.minecraft.coal":68,"stat.useItem.sky_orchards.sapling_gravel":8,"stat.fallOneCm":180576,"stat.crouchOneCm":9530,"stat.craftItem.minecraft.iron_ingot":12,"stat.craftingTableInteraction":79,"stat.mineBlock.sky_orchards.leaves_sand":282,"stat.pickup.sky_orchards.sapling_sand":87,"stat.pickup.minecraft.wooden_pickaxe":1,"stat.craftItem.tconstruct.materials":12,"stat.pickup.minecraft.dye":8,"stat.pickup.minecraft.planks":19,"stat.mineBlock.sky_orchards.log_bone":12,"stat.mineBlock.minecraft.dirt":2,"stat.drop.minecraft.iron_axe":1,"stat.useItem.minecraft.bone_block":2,"stat.useItem.minecraft.torch":3,"stat.useItem.minecraft.log":1,"stat.craftItem.minecraft.crafting_table":15,"stat.craftItem.ceramics.clay_bucket":1,"stat.pickup.minecraft.log":228,"stat.pickup.sky_orchards.resin_gravel":36,"stat.pickup.sky_orchards.acorn_sand":137,"stat.pickup.minecraft.sapling":10,"stat.pickup.minecraft.beetroot":9,"stat.mineBlock.sky_orchards.sapling_gravel":1,"stat.craftItem.minecraft.bucket":2,"stat.craftItem.minecraft.planks":610,"stat.pickup.morecauldrons.oak_cauldron":1,"stat.craftItem.minecraft.dirt":12,"stat.mineBlock.minecraft.log":13,"stat.mineBlock.sky_orchards.log_clay":20,"stat.useItem.inspirations.bone_crook":300,"stat.useItem.sky_orchards.sapling_coal":3,"stat.pickup.minecraft.red_flower":1,"stat.useItem.minecraft.beetroot_seeds":13,"stat.sneakTime":7523,"stat.mineBlock.sky_orchards.log_cottonwood":6,"stat.useItem.minecraft.wooden_axe":20,"stat.craftItem.minecraft.cobblestone":18,"stat.useItem.sky_orchards.sapling_dirt":9,"stat.cakeSlicesEaten":2,"stat.pickup.minecraft.bone":5,"stat.drop.sky_orchards.resin_dirt":12,"stat.craftItem.ceramics.unfired_clay":1,"stat.mineBlock.minecraft.cobblestone":1,"stat.mineBlock.sky_orchards.leaves_gravel":248,"stat.useItem.tconstruct.mattock":214,"stat.pickup.minecraft.flint":37,"stat.craftItem.minecraft.bone":15,"stat.pickup.sky_orchards.resin_dirt":132,"stat.craftItem.minecraft.wool":3,"stat.pickup.pickletweaks.coal_piece":14,"stat.craftItem.sky_orchards.amber_iron":16,"stat.craftItem.inspirations.bone_crook":3,"stat.swimOneCm":4558,"stat.mineBlock.morecauldrons.oak_cauldron":2,"stat.useItem.sky_orchards.sapling_bone":7,"stat.useItem.minecraft.dirt":5,"stat.drop.inspirations.bone_crook":1,"stat.pickup.inspirations.bone_crook":1,"stat.useItem.minecraft.stone_slab2":92,"stat.entityKilledBy.ranged_rogue_android":1,"stat.craftItem.minecraft.bone_block":6,"stat.craftItem.sky_orchards.sapling_bone":1,"stat.mineBlock.sky_orchards.leaves_dirt":252,"stat.pickup.minecraft.cobblestone":2,"stat.flyOneCm":19332,"stat.mineBlock.sky_orchards.leaves_coal":117,"stat.pickup.sky_orchards.resin_coal":31,"stat.craftItem.minecraft.wooden_slab":54,"stat.pickup.sky_orchards.sapling_petrified":42,"stat.timeSinceDeath":35851,"stat.mineBlock.sky_orchards.leaves_cottonwood":84,"stat.useItem.minecraft.wooden_slab":30,"stat.mineBlock.sky_orchards.sapling_sand":2,"stat.useItem.minecraft.potato":1,"stat.pickup.minecraft.wooden_axe":1,"stat.craftItem.tconstruct.seared":2,"stat.useItem.tconstruct.rack":1,"stat.useItem.sky_orchards.sapling_clay":10,"stat.craftItem.tconstruct.soil":48,"stat.pickup.minecraft.string":6,"stat.pickup.sky_orchards.amber_iron":3,"stat.mineBlock.sky_orchards.leaves_clay":245,"stat.pickup.sky_orchards.sapling_cottonwood":20,"stat.craftItem.minecraft.stone_slab2":0,"stat.useItem.sky_orchards.sapling_petrified":11,"stat.craftItem.tconstruct.tooltables":14,"stat.sprintOneCm":144396,"stat.craftItem.minecraft.stick":28,"stat.pickup.minecraft.bone_block":3,"stat.useItem.minecraft.stone_slab":3,"stat.useItem.carryon.tile_item":1,"stat.mineBlock.sky_orchards.leaves_petrified":230,"stat.pickup.inspirations.wooden_crook":1,"stat.craftItem.minecraft.clay_ball":16,"stat.mineBlock.minecraft.planks":13,"stat.drop":32,"stat.craftItem.sky_orchards.sapling_clay":1,"stat.craftItem.minecraft.dye":47,"stat.craftItem.minecraft.clay":35,"stat.diveOneCm":13075,"stat.pickup.tconstruct.tooltables":1,"stat.pickup.sky_orchards.acorn_cottonwood":9,"stat.mineBlock.sky_orchards.leaves_bone":352,"stat.craftItem.sky_orchards.sapling_coal":1,"stat.pickup.sky_orchards.resin_clay":55,"stat.jump":874,"stat.useItem.minecraft.sand":1,"stat.craftItem.tconstruct.rack":2,"stat.useItem.minecraft.wooden_hoe":13,"stat.pickup.minecraft.fence":1,"stat.useItem.tconstruct.tooltables":12,"stat.craftItem.bonsaitrees.bonsaipot":1,"stat.mineBlock.sky_orchards.log_sand":37,"stat.craftItem.minecraft.torch":4,"stat.pickup.minecraft.dirt":2,"stat.pickup.farmingforblockheads.market":4,"stat.pickup.sky_orchards.resin_bone":15,"stat.pickup.sky_orchards.leaves_cottonwood":1,"stat.craftItem.tcomplement.melter":1,"stat.mineBlock.tconstruct.tooltables":1,"stat.damageTaken":1744,"stat.mineBlock.minecraft.torch":3,"stat.mineBlock.minecraft.red_flower":1,"stat.useItem.minecraft.wooden_pickaxe":9,"stat.drop.sky_orchards.sapling_gravel":1,"stat.pickup.minecraft.potato":2,"stat.pickup.sky_orchards.sapling_clay":39,"stat.damageDealt":1236,"stat.craftItem.minecraft.glass":1,"stat.useItem.sky_orchards.acorn_gravel":1,"stat.craftItem.minecraft.gravel":33,"stat.pickup.sky_orchards.acorn_bone":44,"stat.craftItem.minecraft.stone_slab":12,"stat.walkOneCm":1008089,"stat.pickup.ceramics.clay_bucket":1,"stat.useItem.morecauldrons.oak_cauldron":6,"stat.playerKills":1,"stat.pickup.minecraft.stick":15,"stat.pickup.tcomplement.melter":2,"stat.pickup.sky_orchards.sapling_bone":41,"stat.craftItem.inspirations.wooden_crook":12,"stat.pickup.sky_orchards.acorn_clay":49,"stat.craftItem.morecauldrons.oak_cauldron":10,"stat.mineBlock.sky_orchards.log_gravel":16,"stat.drop.inspirations.wooden_crook":3,"stat.craftItem.rustic.crushing_tub":2,"stat.pickup.sky_orchards.acorn_gravel":136,"stat.pickup.sky_orchards.sapling_gravel":64,"stat.drop.sky_orchards.sapling_dirt":6,"stat.mobKills":1,"stat.craftItem.minecraft.shears":1,"stat.craftItem.farmingforblockheads.market":1,"stat.mineBlock.minecraft.leaves":147,"stat.pickup.minecraft.beetroot_seeds":20,"stat.craftItem.slabmachines.furnace_slab":1,"stat.mineBlock.rustic.crushing_tub":1,"stat.pickup.minecraft.torch":2,"stat.mineBlock.tconstruct.seared":1,"stat.craftItem.minecraft.brick":5,"stat.mineBlock.sky_orchards.log_petrified":18}