{"stat.mineBlock.sky_orchards.log_coal":4,"stat.pickup.minecraft.bone":1,"stat.pickup.minecraft.wooden_slab":4,"stat.leaveGame":11,"stat.mineBlock.sky_orchards.leaves_gravel":30,"stat.pickup.minecraft.flint":11,"stat.killEntity.Human":4,"stat.craftItem.tconstruct.faucet":2,"stat.pickup.sky_orchards.resin_dirt":26,"stat.pickup.pickletweaks.coal_piece":2,"stat.entityKilledBy.Human":2,"stat.swimOneCm":963,"stat.useItem.minecraft.planks":1,"stat.climbOneCm":14013,"stat.mineBlock.sky_orchards.log_dirt":10,"stat.useItem.sky_orchards.sapling_bone":1,"stat.useItem.minecraft.dirt":9,"stat.useItem.minecraft.stone_slab2":57,"stat.pickup.minecraft.rotten_flesh":2,"stat.pickup.sky_orchards.sapling_dirt":25,"stat.mineBlock.sky_orchards.leaves_dirt":70,"stat.mineBlock.minecraft.wooden_slab":10,"stat.craftItem.tconstruct.casting":1,"stat.flyOneCm":1839,"stat.mineBlock.sky_orchards.leaves_coal":21,"stat.pickup.sky_orchards.resin_coal":5,"stat.craftItem.minecraft.wooden_slab":666,"stat.pickup.sky_orchards.resin_petrified":10,"stat.pickup.sky_orchards.sapling_petrified":14,"stat.timeSinceDeath":34949,"stat.drop.minecraft.log":3,"stat.useItem.minecraft.wooden_slab":343,"stat.craftItem.minecraft.wooden_pickaxe":1,"stat.mineBlock.sky_orchards.sapling_sand":1,"stat.craftItem.tconstruct.seared":26,"stat.furnaceInteraction":20,"stat.useItem.sky_orchards.sapling_clay":3,"stat.craftItem.tconstruct.soil":256,"stat.pickup.tconstruct.smeltery_controller":1,"stat.pickup.sky_orchards.acorn_coal":4,"stat.useItem.tconstruct.edible":1,"stat.pickup.tombstone.crafting_ingredient":1,"stat.mineBlock.sky_orchards.leaves_clay":7,"stat.craftItem.minecraft.stone_slab2":1,"stat.drop.sky_orchards.acorn_dirt":10,"stat.useItem.sky_orchards.sapling_petrified":6,"stat.craftItem.tconstruct.tooltables":7,"stat.pickup.sky_orchards.acorn_dirt":34,"stat.sprintOneCm":2585,"stat.pickup.sky_orchards.sapling_coal":6,"stat.useItem.minecraft.fence":6,"stat.craftItem.minecraft.stick":88,"stat.mineBlock.sky_orchards.leaves_petrified":1,"stat.mineBlock.minecraft.fence":38,"stat.craftItem.minecraft.sand":34,"stat.craftItem.minecraft.fence_gate":4,"stat.mineBlock.minecraft.planks":1,"stat.deaths":2,"stat.drop":28,"stat.playOneMinute":108904,"stat.useItem.minecraft.wooden_sword":39,"stat.useItem.tconstruct.seared":13,"stat.killEntity.Zombie":1,"stat.useItem.sky_orchards.sapling_sand":3,"stat.pickup.tconstruct.seared":2,"stat.chestOpened":90,"stat.pickup.tconstruct.tooltables":3,"stat.drop.minecraft.wooden_pickaxe":1,"stat.pickup.minecraft.arrow":2,"stat.mineBlock.tconstruct.smeltery_controller":1,"stat.pickup.sky_orchards.acorn_petrified":20,"stat.pickup.sky_orchards.resin_sand":27,"stat.pickup.sky_orchards.resin_clay":8,"stat.jump":290,"stat.useItem.sky_orchards.sapling_gravel":15,"stat.pickup.minecraft.fence":38,"stat.fallOneCm":241181,"stat.crouchOneCm":22335,"stat.mineBlock.minecraft.chest":1,"stat.craftItem.minecraft.chest":3,"stat.mineBlock.sky_orchards.log_sand":17,"stat.craftItem.minecraft.torch":28,"stat.pickup.farmingforblockheads.market":1,"stat.craftingTableInteraction":1,"stat.mineBlock.sky_orchards.leaves_sand":86,"stat.pickup.sky_orchards.resin_bone":8,"stat.pickup.sky_orchards.sapling_sand":5,"stat.mineBlock.tconstruct.tooltables":3,"stat.craftItem.tconstruct.pattern":74,"stat.damageTaken":848,"stat.mineBlock.minecraft.torch":2,"stat.useItem.minecraft.wooden_pickaxe":4,"stat.craftItem.tconstruct.materials":105,"stat.craftItem.minecraft.wooden_sword":2,"stat.pickup.minecraft.dye":1,"stat.pickup.mysticalagriculture.crafting":1,"stat.pickup.minecraft.planks":3,"stat.craftItem.tconstruct.seared_tank":2,"stat.damageDealt":1494,"stat.mineBlock.sky_orchards.log_bone":5,"stat.craftItem.minecraft.glass":1,"stat.craftItem.minecraft.gravel":50,"stat.walkOneCm":400912,"stat.useItem.minecraft.torch":5,"stat.craftItem.tconstruct.smeltery_io":2,"stat.pickup.minecraft.stick":1,"stat.craftItem.minecraft.crafting_table":2,"stat.pickup.sky_orchards.acorn_clay":1,"stat.pickup.minecraft.log":65,"stat.mineBlock.sky_orchards.log_gravel":10,"stat.pickup.sky_orchards.resin_gravel":17,"stat.pickup.sky_orchards.acorn_gravel":23,"stat.drop.minecraft.planks":3,"stat.pickup.sky_orchards.acorn_sand":16,"stat.pickup.sky_orchards.sapling_gravel":21,"stat.useItem.xlfoodmod.donut":2,"stat.craftItem.tconstruct.smeltery_controller":1,"stat.killEntity.Skeleton":2,"stat.drop.sky_orchards.sapling_dirt":11,"stat.mineBlock.sky_orchards.sapling_gravel":2,"stat.craftItem.minecraft.planks":352,"stat.craftItem.minecraft.dirt":24,"stat.mobKills":7,"stat.craftItem.minecraft.fence":18,"stat.mineBlock.sky_orchards.log_clay":6,"stat.pickup.minecraft.torch":3,"stat.useItem.sky_orchards.sapling_coal":1,"stat.mineBlock.tconstruct.seared":3,"stat.sneakTime":6513,"stat.pickup.xlfoodmod.donut":1,"stat.useItem.sky_orchards.sapling_dirt":12,"stat.mineBlock.sky_orchards.log_petrified":4,"stat.useItem.tconstruct.hatchet":107,"stat.pickup.minecraft.chest":1}