{"stat.chestOpened":34,"stat.pickup.tconstruct.tooltables":2,"stat.mineBlock.sky_orchards.log_coal":6,"stat.craftItem.minecraft.ladder":24,"stat.craftItem.minecraft.sign":6,"stat.leaveGame":4,"stat.pickup.minecraft.arrow":1,"stat.pickup.minecraft.flint":5,"stat.pickup.sky_orchards.acorn_petrified":4,"stat.pickup.sky_orchards.resin_sand":4,"stat.craftItem.minecraft.coal":5,"stat.jump":482,"stat.swimOneCm":12774,"stat.fallOneCm":87171,"stat.useItem.minecraft.planks":1303,"stat.climbOneCm":44960,"stat.pickup.minecraft.gunpowder":3,"stat.crouchOneCm":96715,"stat.craftItem.minecraft.torch":24,"stat.useItem.minecraft.stone_slab2":34,"stat.entityKilledBy.ranged_rogue_android":1,"stat.mineBlock.sky_orchards.leaves_sand":4,"stat.pickup.sky_orchards.sapling_sand":6,"stat.pickup.sky_orchards.sapling_dirt":4,"stat.mineBlock.tconstruct.tooltables":2,"stat.damageTaken":1948,"stat.mineBlock.minecraft.torch":20,"stat.pickup.mysticalagriculture.crafting":1,"stat.pickup.minecraft.planks":71,"stat.flyOneCm":64924,"stat.mineBlock.sky_orchards.leaves_coal":2,"stat.pickup.sky_orchards.resin_coal":10,"stat.damageDealt":1376,"stat.pickup.sky_orchards.sapling_petrified":4,"stat.timeSinceDeath":958,"stat.useItem.minecraft.sign":4,"stat.walkOneCm":187835,"stat.useItem.minecraft.torch":35,"stat.furnaceInteraction":3,"stat.craftItem.minecraft.crafting_table":1,"stat.killEntity.Creeper":2,"stat.pickup.minecraft.log":14,"stat.mineBlock.sky_orchards.log_gravel":6,"stat.mineBlock.minecraft.ladder":1,"stat.pickup.sky_orchards.resin_gravel":10,"stat.pickup.sky_orchards.acorn_coal":1,"stat.pickup.sky_orchards.acorn_gravel":6,"stat.pickup.matteroverdrive.rogue_android_part":1,"stat.entityKilledBy.Skeleton":1,"stat.craftItem.minecraft.stone_slab2":0,"stat.pickup.sky_orchards.acorn_sand":13,"stat.craftItem.tconstruct.tooltables":3,"stat.pickup.sky_orchards.acorn_dirt":2,"stat.sprintOneCm":147539,"stat.pickup.sky_orchards.sapling_gravel":3,"stat.pickup.minecraft.ladder":1,"stat.craftItem.minecraft.wooden_axe":3,"stat.craftItem.minecraft.stick":68,"stat.killEntity.Skeleton":1,"stat.craftItem.minecraft.planks":1444,"stat.entityKilledBy.rogue_android":2,"stat.killEntity.rogue_android":1,"stat.mobKills":7,"stat.mineBlock.minecraft.planks":79,"stat.deaths":8,"stat.playOneMinute":66053,"stat.pickup.minecraft.torch":20,"stat.useItem.minecraft.ladder":23,"stat.sneakTime":22456,"stat.killEntity.Zombie":2,"stat.useItem.minecraft.wooden_axe":106}