{"stat.cakeSlicesEaten":5,"stat.mineBlock.sky_orchards.log_coal":56,"stat.pickup.minecraft.bone":4,"stat.pickup.minecraft.wooden_slab":6,"stat.drop.sky_orchards.resin_dirt":4,"stat.useItem.minecraft.iron_axe":1500,"stat.leaveGame":22,"stat.mineBlock.sky_orchards.leaves_gravel":957,"stat.pickup.minecraft.flint":79,"stat.killEntity.Human":4,"stat.craftItem.minecraft.iron_axe":12,"stat.pickup.sky_orchards.resin_dirt":405,"stat.pickup.pickletweaks.coal_piece":12,"stat.craftItem.sky_orchards.amber_iron":32,"stat.craftItem.inspirations.bone_crook":2,"stat.swimOneCm":1445,"stat.useItem.minecraft.planks":1,"stat.climbOneCm":6933,"stat.mineBlock.sky_orchards.log_dirt":250,"stat.useItem.minecraft.dirt":27,"stat.pickup.inspirations.bone_crook":1,"stat.drop.inspirations.bone_crook":1,"stat.useItem.minecraft.stone_slab2":58,"stat.entityKilledBy.ranged_rogue_android":1,"stat.pickup.sky_orchards.resin_cottonwood":8,"stat.pickup.minecraft.rotten_flesh":7,"stat.pickup.sky_orchards.sapling_dirt":115,"stat.killEntity.Enderman":1,"stat.mineBlock.sky_orchards.leaves_dirt":671,"stat.mineBlock.minecraft.wooden_slab":4,"stat.flyOneCm":26744,"stat.mineBlock.sky_orchards.leaves_coal":208,"stat.pickup.sky_orchards.resin_coal":85,"stat.craftItem.minecraft.wooden_slab":792,"stat.pickup.sky_orchards.resin_petrified":273,"stat.pickup.sky_orchards.sapling_petrified":62,"stat.timeSinceDeath":134327,"stat.mineBlock.sky_orchards.leaves_cottonwood":5,"stat.drop.minecraft.log":1,"stat.useItem.minecraft.sign":2,"stat.useItem.minecraft.wooden_slab":697,"stat.mineBlock.sky_orchards.sapling_sand":3,"stat.pickup.minecraft.cake":1,"stat.furnaceInteraction":45,"stat.useItem.sky_orchards.sapling_clay":12,"stat.pickup.minecraft.string":2,"stat.craftItem.sky_orchards.acorn_dirt":3,"stat.pickup.sky_orchards.acorn_coal":46,"stat.mineBlock.sky_orchards.leaves_clay":290,"stat.craftItem.minecraft.stone_slab2":0,"stat.pickup.sky_orchards.sapling_cottonwood":3,"stat.drop.sky_orchards.acorn_dirt":10,"stat.useItem.sky_orchards.sapling_petrified":24,"stat.craftItem.tconstruct.tooltables":1,"stat.pickup.sky_orchards.acorn_dirt":161,"stat.sprintOneCm":242903,"stat.pickup.sky_orchards.sapling_coal":45,"stat.useItem.minecraft.fence":91,"stat.craftItem.minecraft.stick":156,"stat.craftItem.minecraft.wooden_axe":12,"stat.useItem.carryon.tile_item":5,"stat.mineBlock.sky_orchards.leaves_petrified":268,"stat.mineBlock.minecraft.fence":36,"stat.pickup.inspirations.wooden_crook":3,"stat.craftItem.minecraft.clay_ball":16,"stat.useItem.minecraft.dye":2,"stat.deaths":2,"stat.mineBlock.minecraft.planks":6,"stat.drop":35,"stat.playOneMinute":325398,"stat.useItem.minecraft.wooden_sword":50,"stat.useItem.sky_orchards.acorn_dirt":3,"stat.drop.xlfoodmod.donut":1,"stat.mineBlock.bonsaitrees.bonsaipot":2,"stat.killEntity.Zombie":6,"stat.drop.minecraft.chest":1,"stat.craftItem.minecraft.clay":4,"stat.diveOneCm":1481,"stat.useItem.sky_orchards.sapling_sand":39,"stat.pickup.tconstruct.seared":1,"stat.chestOpened":257,"stat.pickup.sky_orchards.acorn_cottonwood":2,"stat.craftItem.minecraft.sign":3,"stat.pickup.minecraft.sign":1,"stat.mineBlock.sky_orchards.leaves_bone":3,"stat.pickup.minecraft.arrow":2,"stat.pickup.sky_orchards.acorn_petrified":60,"stat.useItem.inspirations.wooden_crook":1401,"stat.pickup.sky_orchards.resin_sand":421,"stat.craftItem.minecraft.coal":8,"stat.pickup.sky_orchards.resin_clay":161,"stat.jump":1674,"stat.useItem.sky_orchards.sapling_gravel":52,"stat.pickup.minecraft.fence":38,"stat.fallOneCm":24219,"stat.pickup.minecraft.iron_ingot":1,"stat.craftItem.bonsaitrees.bonsaipot":1,"stat.crouchOneCm":118665,"stat.craftItem.minecraft.chest":6,"stat.craftItem.minecraft.torch":28,"stat.craftItem.minecraft.iron_ingot":13,"stat.mineBlock.sky_orchards.log_sand":282,"stat.pickup.minecraft.dirt":5,"stat.craftingTableInteraction":59,"stat.mineBlock.sky_orchards.leaves_sand":367,"stat.pickup.sky_orchards.resin_bone":43,"stat.pickup.sky_orchards.sapling_sand":104,"stat.pickup.minecraft.iron_axe":2,"stat.damageTaken":785,"stat.mineBlock.minecraft.torch":4,"stat.craftItem.tconstruct.materials":15,"stat.craftItem.minecraft.wooden_sword":1,"stat.pickup.minecraft.dye":4,"stat.pickup.minecraft.planks":9,"stat.mineBlock.sky_orchards.sapling_petrified":1,"stat.pickup.sky_orchards.sapling_clay":60,"stat.damageDealt":3730,"stat.mineBlock.sky_orchards.log_bone":27,"stat.mineBlock.minecraft.dirt":3,"stat.craftItem.minecraft.iron_sword":1,"stat.pickup.sky_orchards.acorn_bone":5,"stat.drop.minecraft.iron_axe":1,"stat.walkOneCm":1412889,"stat.useItem.minecraft.torch":24,"stat.useItem.minecraft.chest":3,"stat.playerKills":1,"stat.mineBlock.sky_orchards.sapling_dirt":1,"stat.pickup.sky_orchards.sapling_bone":3,"stat.craftItem.minecraft.crafting_table":1,"stat.craftItem.inspirations.wooden_crook":14,"stat.pickup.sky_orchards.acorn_clay":67,"stat.mineBlock.sky_orchards.sapling_clay":1,"stat.pickup.minecraft.log":1290,"stat.mineBlock.sky_orchards.log_gravel":358,"stat.drop.inspirations.wooden_crook":1,"stat.pickup.sky_orchards.resin_gravel":540,"stat.pickup.sky_orchards.acorn_gravel":239,"stat.drop.minecraft.planks":8,"stat.pickup.sky_orchards.acorn_sand":130,"stat.craftItem.sky_orchards.acorn_sand":20,"stat.pickup.minecraft.sapling":7,"stat.drop.minecraft.wooden_slab":3,"stat.pickup.sky_orchards.sapling_gravel":189,"stat.drop.sky_orchards.sapling_dirt":3,"stat.craftItem.minecraft.planks":811,"stat.killEntity.rogue_android":1,"stat.craftItem.minecraft.dirt":36,"stat.pickup.morecauldrons.oak_cauldron":1,"stat.mobKills":13,"stat.mineBlock.minecraft.log":23,"stat.craftItem.minecraft.fence":105,"stat.mineBlock.sky_orchards.log_clay":113,"stat.useItem.inspirations.bone_crook":749,"stat.pickup.minecraft.torch":4,"stat.useItem.sky_orchards.acorn_sand":20,"stat.useItem.sky_orchards.sapling_coal":8,"stat.sneakTime":33601,"stat.mineBlock.sky_orchards.log_cottonwood":10,"stat.useItem.minecraft.wooden_axe":211,"stat.craftItem.minecraft.brick":16,"stat.craftItem.minecraft.cobblestone":9,"stat.useItem.sky_orchards.sapling_dirt":43,"stat.mineBlock.sky_orchards.log_petrified":186,"stat.drop.minecraft.wooden_axe":1,"stat.pickup.minecraft.chest":1}