{"stat.mineBlock.sky_orchards.log_coal":23,"stat.craftItem.sky_orchards.sapling_cottonwood":2,"stat.craftItem.sky_orchards.sapling_sand":1,"stat.pickup.minecraft.wooden_slab":6,"stat.useItem.sky_orchards.sapling_cottonwood":2,"stat.leaveGame":17,"stat.craftItem.minecraft.iron_axe":1,"stat.craftItem.sky_orchards.amber_bone":3,"stat.pickup.rustic.crushing_tub":1,"stat.useItem.minecraft.planks":394,"stat.craftItem.sky_orchards.sapling_petrified":1,"stat.mineBlock.sky_orchards.log_dirt":74,"stat.pickup.sky_orchards.resin_cottonwood":15,"stat.pickup.minecraft.rotten_flesh":2,"stat.pickup.minecraft.sand":1,"stat.craftItem.sky_orchards.sapling_gravel":1,"stat.pickup.sky_orchards.sapling_dirt":55,"stat.mineBlock.minecraft.wooden_slab":4,"stat.mineBlock.minecraft.sand":1,"stat.pickup.sky_orchards.resin_petrified":27,"stat.craftItem.minecraft.wooden_hoe":1,"stat.craftItem.minecraft.wooden_pickaxe":1,"stat.furnaceInteraction":55,"stat.mineBlock.sky_orchards.amber_iron":1,"stat.pickup.sky_orchards.acorn_coal":43,"stat.mineBlock.tcomplement.melter":1,"stat.drop.sky_orchards.acorn_dirt":8,"stat.pickup.sky_orchards.acorn_dirt":90,"stat.pickup.inspirations.potato_seeds":1,"stat.pickup.sky_orchards.sapling_coal":25,"stat.mineBlock.minecraft.fence":1,"stat.craftItem.minecraft.sand":42,"stat.useItem.minecraft.dye":7,"stat.deaths":5,"stat.playOneMinute":265954,"stat.mineBlock.minecraft.tallgrass":12,"stat.useItem.sky_orchards.sapling_sand":13,"stat.pickup.tconstruct.seared":1,"stat.chestOpened":244,"stat.pickup.minecraft.arrow":3,"stat.pickup.sky_orchards.acorn_petrified":44,"stat.useItem.inspirations.wooden_crook":1072,"stat.pickup.sky_orchards.resin_sand":140,"stat.craftItem.minecraft.coal":46,"stat.useItem.sky_orchards.sapling_gravel":8,"stat.fallOneCm":179740,"stat.crouchOneCm":9367,"stat.craftItem.minecraft.iron_ingot":12,"stat.craftingTableInteraction":78,"stat.mineBlock.sky_orchards.leaves_sand":282,"stat.pickup.sky_orchards.sapling_sand":87,"stat.pickup.minecraft.wooden_pickaxe":1,"stat.craftItem.tconstruct.materials":8,"stat.pickup.minecraft.dye":8,"stat.pickup.minecraft.planks":19,"stat.mineBlock.sky_orchards.log_bone":12,"stat.mineBlock.minecraft.dirt":2,"stat.drop.minecraft.iron_axe":1,"stat.useItem.minecraft.torch":3,"stat.useItem.minecraft.log":1,"stat.craftItem.minecraft.crafting_table":15,"stat.craftItem.ceramics.clay_bucket":1,"stat.pickup.minecraft.log":218,"stat.pickup.sky_orchards.resin_gravel":34,"stat.pickup.sky_orchards.acorn_sand":137,"stat.pickup.minecraft.sapling":10,"stat.pickup.minecraft.beetroot":1,"stat.mineBlock.sky_orchards.sapling_gravel":1,"stat.craftItem.minecraft.bucket":2,"stat.craftItem.minecraft.planks":578,"stat.pickup.morecauldrons.oak_cauldron":1,"stat.craftItem.minecraft.dirt":12,"stat.mineBlock.minecraft.log":13,"stat.mineBlock.sky_orchards.log_clay":20,"stat.useItem.inspirations.bone_crook":300,"stat.useItem.sky_orchards.sapling_coal":3,"stat.pickup.minecraft.red_flower":1,"stat.useItem.minecraft.beetroot_seeds":1,"stat.sneakTime":7268,"stat.mineBlock.sky_orchards.log_cottonwood":6,"stat.useItem.minecraft.wooden_axe":20,"stat.craftItem.minecraft.cobblestone":6,"stat.useItem.sky_orchards.sapling_dirt":9,"stat.cakeSlicesEaten":2,"stat.pickup.minecraft.bone":3,"stat.drop.sky_orchards.resin_dirt":12,"stat.craftItem.ceramics.unfired_clay":1,"stat.mineBlock.minecraft.cobblestone":1,"stat.mineBlock.sky_orchards.leaves_gravel":247,"stat.useItem.tconstruct.mattock":214,"stat.pickup.minecraft.flint":30,"stat.craftItem.minecraft.bone":6,"stat.pickup.sky_orchards.resin_dirt":128,"stat.craftItem.minecraft.wool":3,"stat.pickup.pickletweaks.coal_piece":14,"stat.craftItem.sky_orchards.amber_iron":16,"stat.craftItem.inspirations.bone_crook":3,"stat.swimOneCm":4373,"stat.mineBlock.morecauldrons.oak_cauldron":2,"stat.useItem.sky_orchards.sapling_bone":7,"stat.useItem.minecraft.dirt":5,"stat.drop.inspirations.bone_crook":1,"stat.pickup.inspirations.bone_crook":1,"stat.useItem.minecraft.stone_slab2":74,"stat.entityKilledBy.ranged_rogue_android":1,"stat.craftItem.sky_orchards.sapling_bone":1,"stat.mineBlock.sky_orchards.leaves_dirt":241,"stat.pickup.minecraft.cobblestone":2,"stat.flyOneCm":17507,"stat.mineBlock.sky_orchards.leaves_coal":117,"stat.pickup.sky_orchards.resin_coal":31,"stat.craftItem.minecraft.wooden_slab":42,"stat.pickup.sky_orchards.sapling_petrified":31,"stat.timeSinceDeath":5407,"stat.mineBlock.sky_orchards.leaves_cottonwood":84,"stat.useItem.minecraft.wooden_slab":30,"stat.mineBlock.sky_orchards.sapling_sand":2,"stat.pickup.minecraft.wooden_axe":1,"stat.useItem.tconstruct.rack":1,"stat.useItem.sky_orchards.sapling_clay":10,"stat.craftItem.tconstruct.soil":48,"stat.pickup.minecraft.string":6,"stat.pickup.sky_orchards.amber_iron":1,"stat.mineBlock.sky_orchards.leaves_clay":245,"stat.pickup.sky_orchards.sapling_cottonwood":20,"stat.craftItem.minecraft.stone_slab2":0,"stat.useItem.sky_orchards.sapling_petrified":4,"stat.craftItem.tconstruct.tooltables":14,"stat.sprintOneCm":133581,"stat.craftItem.minecraft.stick":28,"stat.useItem.minecraft.stone_slab":3,"stat.useItem.carryon.tile_item":1,"stat.mineBlock.sky_orchards.leaves_petrified":190,"stat.pickup.inspirations.wooden_crook":1,"stat.craftItem.minecraft.clay_ball":16,"stat.mineBlock.minecraft.planks":13,"stat.drop":32,"stat.craftItem.sky_orchards.sapling_clay":1,"stat.craftItem.minecraft.dye":14,"stat.craftItem.minecraft.clay":35,"stat.diveOneCm":12587,"stat.pickup.tconstruct.tooltables":1,"stat.pickup.sky_orchards.acorn_cottonwood":9,"stat.mineBlock.sky_orchards.leaves_bone":352,"stat.craftItem.sky_orchards.sapling_coal":1,"stat.pickup.sky_orchards.resin_clay":55,"stat.jump":751,"stat.useItem.minecraft.sand":1,"stat.craftItem.tconstruct.rack":2,"stat.useItem.minecraft.wooden_hoe":4,"stat.pickup.minecraft.fence":1,"stat.useItem.tconstruct.tooltables":12,"stat.craftItem.bonsaitrees.bonsaipot":1,"stat.mineBlock.sky_orchards.log_sand":37,"stat.craftItem.minecraft.torch":4,"stat.pickup.minecraft.dirt":2,"stat.pickup.sky_orchards.resin_bone":15,"stat.pickup.sky_orchards.leaves_cottonwood":1,"stat.craftItem.tcomplement.melter":1,"stat.mineBlock.tconstruct.tooltables":1,"stat.damageTaken":1704,"stat.mineBlock.minecraft.torch":3,"stat.mineBlock.minecraft.red_flower":1,"stat.useItem.minecraft.wooden_pickaxe":3,"stat.drop.sky_orchards.sapling_gravel":1,"stat.pickup.sky_orchards.sapling_clay":39,"stat.damageDealt":1020,"stat.craftItem.minecraft.glass":1,"stat.useItem.sky_orchards.acorn_gravel":1,"stat.craftItem.minecraft.gravel":33,"stat.pickup.sky_orchards.acorn_bone":44,"stat.craftItem.minecraft.stone_slab":12,"stat.walkOneCm":857858,"stat.pickup.ceramics.clay_bucket":1,"stat.useItem.morecauldrons.oak_cauldron":4,"stat.playerKills":1,"stat.pickup.minecraft.stick":15,"stat.pickup.tcomplement.melter":1,"stat.pickup.sky_orchards.sapling_bone":41,"stat.craftItem.inspirations.wooden_crook":12,"stat.pickup.sky_orchards.acorn_clay":49,"stat.craftItem.morecauldrons.oak_cauldron":7,"stat.mineBlock.sky_orchards.log_gravel":16,"stat.drop.inspirations.wooden_crook":3,"stat.craftItem.rustic.crushing_tub":1,"stat.pickup.sky_orchards.acorn_gravel":119,"stat.pickup.sky_orchards.sapling_gravel":55,"stat.drop.sky_orchards.sapling_dirt":6,"stat.craftItem.minecraft.shears":1,"stat.craftItem.farmingforblockheads.market":1,"stat.mineBlock.minecraft.leaves":147,"stat.pickup.minecraft.beetroot_seeds":3,"stat.craftItem.slabmachines.furnace_slab":1,"stat.mineBlock.rustic.crushing_tub":1,"stat.pickup.minecraft.torch":2,"stat.mineBlock.tconstruct.seared":1,"stat.craftItem.minecraft.brick":5,"stat.mineBlock.sky_orchards.log_petrified":12}