{"stat.chestOpened":20,"stat.mineBlock.sky_orchards.log_coal":6,"stat.craftItem.minecraft.ladder":24,"stat.leaveGame":2,"stat.pickup.minecraft.flint":2,"stat.pickup.sky_orchards.resin_sand":4,"stat.jump":160,"stat.swimOneCm":415,"stat.fallOneCm":6715,"stat.useItem.minecraft.planks":456,"stat.climbOneCm":10845,"stat.pickup.minecraft.gunpowder":2,"stat.crouchOneCm":45777,"stat.craftItem.minecraft.torch":8,"stat.useItem.minecraft.stone_slab2":14,"stat.mineBlock.sky_orchards.leaves_sand":4,"stat.pickup.sky_orchards.sapling_sand":6,"stat.damageTaken":918,"stat.pickup.minecraft.planks":18,"stat.flyOneCm":20797,"stat.mineBlock.sky_orchards.leaves_coal":2,"stat.pickup.sky_orchards.resin_coal":10,"stat.damageDealt":1071,"stat.timeSinceDeath":2708,"stat.walkOneCm":73902,"stat.useItem.minecraft.torch":5,"stat.furnaceInteraction":1,"stat.killEntity.Creeper":1,"stat.pickup.minecraft.log":13,"stat.mineBlock.sky_orchards.log_gravel":6,"stat.pickup.sky_orchards.resin_gravel":10,"stat.pickup.sky_orchards.acorn_coal":1,"stat.pickup.sky_orchards.acorn_gravel":4,"stat.pickup.matteroverdrive.rogue_android_part":1,"stat.pickup.sky_orchards.acorn_sand":13,"stat.sprintOneCm":48133,"stat.pickup.sky_orchards.sapling_gravel":2,"stat.craftItem.minecraft.wooden_axe":2,"stat.craftItem.minecraft.stick":60,"stat.craftItem.minecraft.planks":676,"stat.entityKilledBy.rogue_android":2,"stat.killEntity.rogue_android":1,"stat.mobKills":5,"stat.mineBlock.minecraft.planks":23,"stat.deaths":3,"stat.playOneMinute":30730,"stat.useItem.minecraft.ladder":23,"stat.sneakTime":10447,"stat.killEntity.Zombie":2,"stat.useItem.minecraft.wooden_axe":47}