{"stat.mineBlock.sky_orchards.log_coal":56,"stat.pickup.minecraft.bone":4,"stat.pickup.minecraft.wooden_slab":6,"stat.drop.sky_orchards.resin_dirt":4,"stat.useItem.minecraft.iron_axe":1094,"stat.leaveGame":19,"stat.mineBlock.sky_orchards.leaves_gravel":803,"stat.pickup.minecraft.flint":70,"stat.killEntity.Human":4,"stat.craftItem.minecraft.iron_axe":9,"stat.pickup.sky_orchards.resin_dirt":271,"stat.pickup.pickletweaks.coal_piece":12,"stat.craftItem.sky_orchards.amber_iron":32,"stat.craftItem.inspirations.bone_crook":2,"stat.swimOneCm":1223,"stat.useItem.minecraft.planks":1,"stat.mineBlock.sky_orchards.log_dirt":161,"stat.useItem.minecraft.dirt":22,"stat.pickup.inspirations.bone_crook":1,"stat.drop.inspirations.bone_crook":1,"stat.useItem.minecraft.stone_slab2":57,"stat.entityKilledBy.ranged_rogue_android":1,"stat.pickup.sky_orchards.resin_cottonwood":8,"stat.pickup.minecraft.rotten_flesh":7,"stat.pickup.sky_orchards.sapling_dirt":87,"stat.killEntity.Enderman":1,"stat.mineBlock.sky_orchards.leaves_dirt":493,"stat.mineBlock.minecraft.wooden_slab":4,"stat.flyOneCm":23976,"stat.mineBlock.sky_orchards.leaves_coal":208,"stat.pickup.sky_orchards.resin_coal":85,"stat.craftItem.minecraft.wooden_slab":792,"stat.pickup.sky_orchards.resin_petrified":50,"stat.pickup.sky_orchards.sapling_petrified":23,"stat.timeSinceDeath":99907,"stat.mineBlock.sky_orchards.leaves_cottonwood":5,"stat.drop.minecraft.log":1,"stat.useItem.minecraft.sign":2,"stat.useItem.minecraft.wooden_slab":697,"stat.mineBlock.sky_orchards.sapling_sand":3,"stat.pickup.minecraft.cake":1,"stat.furnaceInteraction":40,"stat.useItem.sky_orchards.sapling_clay":12,"stat.pickup.minecraft.string":2,"stat.craftItem.sky_orchards.acorn_dirt":3,"stat.pickup.sky_orchards.acorn_coal":46,"stat.mineBlock.sky_orchards.leaves_clay":290,"stat.craftItem.minecraft.stone_slab2":0,"stat.pickup.sky_orchards.sapling_cottonwood":3,"stat.drop.sky_orchards.acorn_dirt":10,"stat.useItem.sky_orchards.sapling_petrified":2,"stat.craftItem.tconstruct.tooltables":1,"stat.pickup.sky_orchards.acorn_dirt":117,"stat.sprintOneCm":224392,"stat.pickup.sky_orchards.sapling_coal":45,"stat.useItem.minecraft.fence":91,"stat.craftItem.minecraft.stick":136,"stat.craftItem.minecraft.wooden_axe":12,"stat.useItem.carryon.tile_item":5,"stat.mineBlock.sky_orchards.leaves_petrified":91,"stat.mineBlock.minecraft.fence":36,"stat.pickup.inspirations.wooden_crook":3,"stat.craftItem.minecraft.clay_ball":16,"stat.useItem.minecraft.dye":2,"stat.deaths":2,"stat.mineBlock.minecraft.planks":6,"stat.drop":35,"stat.playOneMinute":290978,"stat.useItem.minecraft.wooden_sword":50,"stat.useItem.sky_orchards.acorn_dirt":3,"stat.drop.xlfoodmod.donut":1,"stat.mineBlock.bonsaitrees.bonsaipot":2,"stat.killEntity.Zombie":6,"stat.drop.minecraft.chest":1,"stat.craftItem.minecraft.clay":4,"stat.diveOneCm":1481,"stat.useItem.sky_orchards.sapling_sand":39,"stat.pickup.tconstruct.seared":1,"stat.chestOpened":239,"stat.pickup.sky_orchards.acorn_cottonwood":2,"stat.craftItem.minecraft.sign":3,"stat.pickup.minecraft.sign":1,"stat.mineBlock.sky_orchards.leaves_bone":3,"stat.pickup.minecraft.arrow":2,"stat.pickup.sky_orchards.acorn_petrified":13,"stat.useItem.inspirations.wooden_crook":962,"stat.pickup.sky_orchards.resin_sand":415,"stat.craftItem.minecraft.coal":3,"stat.pickup.sky_orchards.resin_clay":161,"stat.jump":1511,"stat.useItem.sky_orchards.sapling_gravel":52,"stat.pickup.minecraft.fence":38,"stat.fallOneCm":22754,"stat.pickup.minecraft.iron_ingot":1,"stat.craftItem.bonsaitrees.bonsaipot":1,"stat.crouchOneCm":117900,"stat.craftItem.minecraft.chest":6,"stat.craftItem.minecraft.torch":12,"stat.craftItem.minecraft.iron_ingot":6,"stat.mineBlock.sky_orchards.log_sand":278,"stat.pickup.minecraft.dirt":5,"stat.craftingTableInteraction":57,"stat.mineBlock.sky_orchards.leaves_sand":352,"stat.pickup.sky_orchards.resin_bone":43,"stat.pickup.sky_orchards.sapling_sand":100,"stat.pickup.minecraft.iron_axe":2,"stat.damageTaken":765,"stat.mineBlock.minecraft.torch":4,"stat.craftItem.tconstruct.materials":15,"stat.craftItem.minecraft.wooden_sword":1,"stat.pickup.minecraft.dye":4,"stat.pickup.minecraft.planks":9,"stat.pickup.sky_orchards.sapling_clay":60,"stat.damageDealt":3730,"stat.mineBlock.sky_orchards.log_bone":27,"stat.mineBlock.minecraft.dirt":3,"stat.pickup.sky_orchards.acorn_bone":5,"stat.drop.minecraft.iron_axe":1,"stat.walkOneCm":1221132,"stat.useItem.minecraft.torch":11,"stat.useItem.minecraft.chest":3,"stat.playerKills":1,"stat.mineBlock.sky_orchards.sapling_dirt":1,"stat.pickup.sky_orchards.sapling_bone":3,"stat.craftItem.minecraft.crafting_table":1,"stat.craftItem.inspirations.wooden_crook":9,"stat.pickup.sky_orchards.acorn_clay":67,"stat.mineBlock.sky_orchards.sapling_clay":1,"stat.pickup.minecraft.log":975,"stat.mineBlock.sky_orchards.log_gravel":275,"stat.drop.inspirations.wooden_crook":1,"stat.pickup.sky_orchards.resin_gravel":417,"stat.pickup.sky_orchards.acorn_gravel":203,"stat.drop.minecraft.planks":8,"stat.pickup.sky_orchards.acorn_sand":125,"stat.craftItem.sky_orchards.acorn_sand":20,"stat.pickup.minecraft.sapling":7,"stat.drop.minecraft.wooden_slab":3,"stat.pickup.sky_orchards.sapling_gravel":154,"stat.drop.sky_orchards.sapling_dirt":3,"stat.craftItem.minecraft.planks":804,"stat.killEntity.rogue_android":1,"stat.craftItem.minecraft.dirt":36,"stat.pickup.morecauldrons.oak_cauldron":1,"stat.mobKills":13,"stat.mineBlock.minecraft.log":23,"stat.craftItem.minecraft.fence":105,"stat.mineBlock.sky_orchards.log_clay":113,"stat.useItem.inspirations.bone_crook":749,"stat.pickup.minecraft.torch":4,"stat.useItem.sky_orchards.acorn_sand":20,"stat.useItem.sky_orchards.sapling_coal":8,"stat.sneakTime":33160,"stat.mineBlock.sky_orchards.log_cottonwood":10,"stat.useItem.minecraft.wooden_axe":211,"stat.craftItem.minecraft.brick":16,"stat.craftItem.minecraft.cobblestone":1,"stat.useItem.sky_orchards.sapling_dirt":43,"stat.mineBlock.sky_orchards.log_petrified":37,"stat.drop.minecraft.wooden_axe":1,"stat.pickup.minecraft.chest":1}