{"stat.cakeSlicesEaten":2,"stat.mineBlock.sky_orchards.log_coal":9,"stat.pickup.minecraft.bone":3,"stat.craftItem.sky_orchards.sapling_sand":1,"stat.pickup.minecraft.wooden_slab":4,"stat.drop.sky_orchards.resin_dirt":12,"stat.craftItem.ceramics.unfired_clay":1,"stat.leaveGame":8,"stat.mineBlock.sky_orchards.leaves_gravel":72,"stat.pickup.minecraft.flint":6,"stat.craftItem.minecraft.bone":3,"stat.pickup.sky_orchards.resin_dirt":74,"stat.pickup.pickletweaks.coal_piece":4,"stat.craftItem.sky_orchards.amber_bone":1,"stat.craftItem.sky_orchards.amber_iron":1,"stat.craftItem.inspirations.bone_crook":1,"stat.swimOneCm":3260,"stat.pickup.rustic.crushing_tub":1,"stat.useItem.minecraft.planks":4,"stat.craftItem.sky_orchards.sapling_petrified":1,"stat.mineBlock.sky_orchards.log_dirt":37,"stat.drop.inspirations.bone_crook":1,"stat.useItem.minecraft.stone_slab2":37,"stat.entityKilledBy.ranged_rogue_android":1,"stat.pickup.minecraft.sand":1,"stat.craftItem.sky_orchards.sapling_gravel":1,"stat.pickup.sky_orchards.sapling_dirt":28,"stat.craftItem.sky_orchards.sapling_bone":1,"stat.mineBlock.sky_orchards.leaves_dirt":129,"stat.flyOneCm":5389,"stat.mineBlock.minecraft.sand":1,"stat.mineBlock.sky_orchards.leaves_coal":24,"stat.pickup.sky_orchards.resin_coal":14,"stat.craftItem.minecraft.wooden_slab":42,"stat.pickup.sky_orchards.resin_petrified":24,"stat.pickup.sky_orchards.sapling_petrified":23,"stat.timeSinceDeath":45978,"stat.useItem.minecraft.wooden_slab":29,"stat.mineBlock.sky_orchards.sapling_sand":2,"stat.pickup.minecraft.wooden_axe":1,"stat.furnaceInteraction":9,"stat.useItem.tconstruct.rack":1,"stat.useItem.sky_orchards.sapling_clay":10,"stat.pickup.sky_orchards.acorn_coal":19,"stat.mineBlock.sky_orchards.leaves_clay":214,"stat.drop.sky_orchards.acorn_dirt":8,"stat.useItem.sky_orchards.sapling_petrified":2,"stat.craftItem.tconstruct.tooltables":1,"stat.pickup.sky_orchards.acorn_dirt":36,"stat.sprintOneCm":60086,"stat.pickup.sky_orchards.sapling_coal":16,"stat.craftItem.minecraft.stick":24,"stat.useItem.minecraft.stone_slab":3,"stat.useItem.carryon.tile_item":1,"stat.mineBlock.sky_orchards.leaves_petrified":126,"stat.craftItem.minecraft.sand":12,"stat.craftItem.minecraft.clay_ball":4,"stat.useItem.minecraft.dye":2,"stat.deaths":2,"stat.drop":31,"stat.playOneMinute":127408,"stat.craftItem.sky_orchards.sapling_clay":1,"stat.craftItem.minecraft.dye":9,"stat.craftItem.minecraft.clay":11,"stat.diveOneCm":12587,"stat.useItem.sky_orchards.sapling_sand":8,"stat.chestOpened":90,"stat.mineBlock.sky_orchards.leaves_bone":47,"stat.pickup.minecraft.arrow":3,"stat.pickup.sky_orchards.acorn_petrified":38,"stat.useItem.inspirations.wooden_crook":733,"stat.pickup.sky_orchards.resin_sand":98,"stat.craftItem.sky_orchards.sapling_coal":1,"stat.pickup.sky_orchards.resin_clay":49,"stat.jump":179,"stat.useItem.sky_orchards.sapling_gravel":8,"stat.useItem.minecraft.sand":1,"stat.craftItem.tconstruct.rack":2,"stat.fallOneCm":33959,"stat.crouchOneCm":3345,"stat.mineBlock.sky_orchards.log_sand":6,"stat.pickup.minecraft.dirt":1,"stat.craftingTableInteraction":57,"stat.mineBlock.sky_orchards.leaves_sand":228,"stat.pickup.sky_orchards.resin_bone":8,"stat.pickup.sky_orchards.sapling_sand":42,"stat.damageTaken":605,"stat.drop.sky_orchards.sapling_gravel":1,"stat.pickup.minecraft.dye":2,"stat.pickup.minecraft.planks":5,"stat.pickup.sky_orchards.sapling_clay":30,"stat.damageDealt":563,"stat.mineBlock.sky_orchards.log_bone":6,"stat.mineBlock.minecraft.dirt":1,"stat.craftItem.minecraft.gravel":10,"stat.pickup.sky_orchards.acorn_bone":7,"stat.craftItem.minecraft.stone_slab":12,"stat.walkOneCm":268087,"stat.pickup.ceramics.clay_bucket":1,"stat.useItem.morecauldrons.oak_cauldron":4,"stat.pickup.minecraft.stick":15,"stat.pickup.sky_orchards.sapling_bone":8,"stat.useItem.minecraft.log":1,"stat.craftItem.minecraft.crafting_table":2,"stat.craftItem.inspirations.wooden_crook":10,"stat.pickup.sky_orchards.acorn_clay":38,"stat.craftItem.ceramics.clay_bucket":1,"stat.craftItem.morecauldrons.oak_cauldron":6,"stat.pickup.minecraft.log":101,"stat.mineBlock.sky_orchards.log_gravel":4,"stat.drop.inspirations.wooden_crook":3,"stat.pickup.sky_orchards.resin_gravel":15,"stat.craftItem.rustic.crushing_tub":1,"stat.pickup.sky_orchards.acorn_gravel":48,"stat.pickup.sky_orchards.acorn_sand":49,"stat.pickup.minecraft.sapling":4,"stat.pickup.sky_orchards.sapling_gravel":16,"stat.drop.sky_orchards.sapling_dirt":6,"stat.craftItem.minecraft.planks":90,"stat.mineBlock.minecraft.log":13,"stat.mineBlock.sky_orchards.log_clay":20,"stat.mineBlock.minecraft.leaves":47,"stat.craftItem.slabmachines.furnace_slab":1,"stat.mineBlock.rustic.crushing_tub":1,"stat.useItem.sky_orchards.sapling_coal":3,"stat.sneakTime":4700,"stat.useItem.minecraft.wooden_axe":20,"stat.craftItem.minecraft.cobblestone":6,"stat.useItem.sky_orchards.sapling_dirt":1,"stat.mineBlock.sky_orchards.log_petrified":12}