{"stat.mineBlock.sky_orchards.log_coal":13,"stat.pickup.minecraft.bone":1,"stat.pickup.minecraft.wooden_slab":6,"stat.drop.sky_orchards.resin_dirt":4,"stat.useItem.minecraft.iron_axe":239,"stat.leaveGame":9,"stat.mineBlock.sky_orchards.leaves_gravel":169,"stat.pickup.minecraft.flint":9,"stat.killEntity.Human":2,"stat.craftItem.minecraft.iron_axe":1,"stat.pickup.sky_orchards.resin_dirt":102,"stat.pickup.pickletweaks.coal_piece":2,"stat.craftItem.sky_orchards.amber_iron":4,"stat.swimOneCm":54,"stat.useItem.minecraft.planks":1,"stat.mineBlock.sky_orchards.log_dirt":52,"stat.useItem.minecraft.dirt":6,"stat.pickup.inspirations.bone_crook":1,"stat.useItem.minecraft.stone_slab2":38,"stat.entityKilledBy.ranged_rogue_android":1,"stat.pickup.minecraft.rotten_flesh":3,"stat.pickup.sky_orchards.sapling_dirt":44,"stat.killEntity.Enderman":1,"stat.mineBlock.sky_orchards.leaves_dirt":365,"stat.mineBlock.minecraft.wooden_slab":4,"stat.flyOneCm":7096,"stat.mineBlock.sky_orchards.leaves_coal":8,"stat.pickup.sky_orchards.resin_coal":20,"stat.craftItem.minecraft.wooden_slab":408,"stat.pickup.sky_orchards.resin_petrified":35,"stat.pickup.sky_orchards.sapling_petrified":23,"stat.timeSinceDeath":45103,"stat.drop.minecraft.log":1,"stat.useItem.minecraft.sign":2,"stat.useItem.minecraft.wooden_slab":389,"stat.pickup.minecraft.cake":1,"stat.furnaceInteraction":16,"stat.useItem.sky_orchards.sapling_clay":4,"stat.craftItem.sky_orchards.acorn_dirt":3,"stat.pickup.sky_orchards.acorn_coal":7,"stat.mineBlock.sky_orchards.leaves_clay":147,"stat.craftItem.minecraft.stone_slab2":0,"stat.drop.sky_orchards.acorn_dirt":10,"stat.useItem.sky_orchards.sapling_petrified":2,"stat.pickup.sky_orchards.acorn_dirt":57,"stat.sprintOneCm":99074,"stat.pickup.sky_orchards.sapling_coal":7,"stat.craftItem.minecraft.stick":56,"stat.craftItem.minecraft.wooden_axe":8,"stat.useItem.carryon.tile_item":5,"stat.mineBlock.sky_orchards.leaves_petrified":91,"stat.pickup.inspirations.wooden_crook":3,"stat.deaths":1,"stat.drop":31,"stat.playOneMinute":134232,"stat.useItem.minecraft.wooden_sword":25,"stat.useItem.sky_orchards.acorn_dirt":3,"stat.drop.xlfoodmod.donut":1,"stat.killEntity.Zombie":3,"stat.drop.minecraft.chest":1,"stat.useItem.sky_orchards.sapling_sand":6,"stat.chestOpened":109,"stat.craftItem.minecraft.sign":3,"stat.pickup.minecraft.sign":1,"stat.pickup.minecraft.arrow":2,"stat.pickup.sky_orchards.acorn_petrified":12,"stat.useItem.inspirations.wooden_crook":297,"stat.pickup.sky_orchards.resin_sand":117,"stat.craftItem.minecraft.coal":2,"stat.pickup.sky_orchards.resin_clay":91,"stat.jump":571,"stat.useItem.sky_orchards.sapling_gravel":9,"stat.fallOneCm":12377,"stat.pickup.minecraft.iron_ingot":1,"stat.crouchOneCm":67324,"stat.craftItem.minecraft.chest":6,"stat.craftItem.minecraft.torch":8,"stat.craftItem.minecraft.iron_ingot":3,"stat.mineBlock.sky_orchards.log_sand":77,"stat.pickup.minecraft.dirt":2,"stat.craftingTableInteraction":45,"stat.mineBlock.sky_orchards.leaves_sand":122,"stat.pickup.sky_orchards.resin_bone":2,"stat.pickup.sky_orchards.sapling_sand":28,"stat.damageTaken":310,"stat.mineBlock.minecraft.torch":1,"stat.craftItem.minecraft.wooden_sword":1,"stat.pickup.minecraft.planks":3,"stat.pickup.sky_orchards.sapling_clay":27,"stat.damageDealt":1510,"stat.mineBlock.minecraft.dirt":3,"stat.pickup.sky_orchards.acorn_bone":4,"stat.walkOneCm":420407,"stat.useItem.minecraft.torch":8,"stat.useItem.minecraft.chest":3,"stat.pickup.sky_orchards.sapling_bone":1,"stat.pickup.sky_orchards.acorn_clay":33,"stat.mineBlock.sky_orchards.sapling_clay":1,"stat.pickup.minecraft.log":284,"stat.mineBlock.sky_orchards.log_gravel":47,"stat.pickup.sky_orchards.resin_gravel":72,"stat.pickup.sky_orchards.acorn_gravel":27,"stat.drop.minecraft.planks":8,"stat.pickup.sky_orchards.acorn_sand":25,"stat.drop.minecraft.wooden_slab":3,"stat.pickup.sky_orchards.sapling_gravel":29,"stat.drop.sky_orchards.sapling_dirt":2,"stat.craftItem.minecraft.planks":516,"stat.craftItem.minecraft.dirt":14,"stat.mobKills":7,"stat.mineBlock.sky_orchards.log_clay":62,"stat.useItem.inspirations.bone_crook":338,"stat.pickup.minecraft.torch":1,"stat.sneakTime":18998,"stat.useItem.minecraft.wooden_axe":139,"stat.craftItem.minecraft.cobblestone":1,"stat.useItem.sky_orchards.sapling_dirt":8,"stat.mineBlock.sky_orchards.log_petrified":26,"stat.drop.minecraft.wooden_axe":1,"stat.pickup.minecraft.chest":1}