{
  "sf4:age1/sapling/cottonwood": {
    "criteria": {
      "Completed Root": "2019-07-28 23:03:35 +0100",
      "Obtain Cottonwood Sapling": "2019-07-29 01:43:56 +0100"
    },
    "done": true
  },
  "tutorial:tutorial/oakplanks": {
    "criteria": {
      "Obtain Oak Wood Planks": "2019-07-28 23:19:34 +0100"
    },
    "done": false
  },
  "sf4:age1/complete": {
    "criteria": {
      "Completed Amber is the Color of my Dinosaur": "2019-07-29 00:31:22 +0100",
      "Completed Sticky Keys": "2019-07-29 00:05:32 +0100",
      "Completed Captain Hook": "2019-07-28 23:39:32 +0100",
      "Completed That\u0027s Dir-tree": "2019-07-28 23:12:45 +0100",
      "Completed Dirty Dancing": "2019-07-28 23:22:39 +0100",
      "Completed You Cotton Be Kidding Me": "2019-07-29 01:43:56 +0100",
      "Completed Root": "2019-07-28 23:03:35 +0100",
      "Completed You Cotton Something?": "2019-07-29 01:47:19 +0100",
      "Completed Clay Aiken": "2019-07-28 23:45:11 +0100",
      "Completed SkyFactory 4": "2019-07-28 23:03:35 +0100",
      "Completed Sixteen Tons": "2019-07-29 00:24:28 +0100",
      "Completed Oh, the Irony": "2019-07-28 23:53:26 +0100",
      "Completed Break a Leg": "2019-07-29 00:28:47 +0100",
      "Completed Eating Dirt": "2019-07-29 00:45:48 +0100",
      "Completed Hardwood": "2019-07-28 23:37:15 +0100",
      "Completed Don\u0027t Sieve on Me": "2019-07-29 00:08:04 +0100",
      "Completed On the Rocks": "2019-07-28 23:47:05 +0100",
      "Completed Palm Trees": "2019-07-29 00:15:20 +0100",
      "Completed Starting from the Bottom": "2019-07-28 23:11:19 +0100",
      "Completed Bubble, Bubble": "2019-07-29 22:05:09 +0100"
    },
    "done": false
  },
  "sf4:age1/sapling/bacon": {
    "criteria": {
      "Completed Root": "2019-07-28 23:03:35 +0100"
    },
    "done": false
  },
  "sf4:age1/nonpacifist": {
    "criteria": {
      "superflat2": "2019-07-28 23:03:38 +0100",
      "superflat32": "2019-07-28 23:03:38 +0100",
      "Completed Root": "2019-07-28 23:03:35 +0100"
    },
    "done": true
  },
  "sf4:age1/sapling/slime": {
    "criteria": {
      "Completed Root": "2019-07-28 23:03:35 +0100"
    },
    "done": false
  },
  "sf4:age1/string": {
    "criteria": {
      "Completed Root": "2019-07-28 23:03:35 +0100",
      "Obtain Cottonwood Sapling": "2019-07-29 01:43:56 +0100",
      "Obtain String": "2019-07-29 01:47:19 +0100"
    },
    "done": true
  },
  "sf4:age_storage/complete_no_prestige": {
    "criteria": {
      "Prestige Mode Disabled": "2019-07-28 23:03:35 +0100",
      "Completed Age of Storage": "2019-07-28 23:03:34 +0100"
    },
    "done": false
  },
  "sf4:age1/sapling/redstone": {
    "criteria": {
      "Completed Root": "2019-07-28 23:03:35 +0100"
    },
    "done": false
  },
  "sf4:age1/sapling/petrified": {
    "criteria": {
      "Completed Root": "2019-07-28 23:03:35 +0100",
      "Obtain Petrified Sapling": "2019-07-28 23:37:15 +0100"
    },
    "done": true
  },
  "sf4:age1/sapling/tin": {
    "criteria": {
      "Completed Root": "2019-07-28 23:03:35 +0100"
    },
    "done": false
  },
  "sf4:age1/wooden_crook": {
    "criteria": {
      "Completed Root": "2019-07-28 23:03:35 +0100",
      "Obtain Wooden Crook": "2019-07-28 23:39:32 +0100"
    },
    "done": true
  },
  "tutorial:tutorial/copied/sandsapling": {
    "criteria": {
      "Obtain Sand Sapling": "2019-07-29 00:15:20 +0100"
    },
    "done": false
  },
  "sf4:age_farming/bonsai": {
    "criteria": {
      "Obtain Bonsai Pot": "2019-07-29 21:49:45 +0100"
    },
    "done": true
  },
  "pacifist:pacifist_run/root": {
    "criteria": {
      "hasRock": "2019-07-28 23:03:35 +0100"
    },
    "done": false
  },
  "sf4:age_storage/complete": {
    "criteria": {
      "Completed Age of Storage": "2019-07-28 23:03:34 +0100"
    },
    "done": false
  },
  "tutorial:tutorial/craftingstation": {
    "criteria": {
      "Obtain a Crafting Station": "2019-07-29 01:14:36 +0100"
    },
    "done": false
  },
  "sf4:age1/slabs": {
    "criteria": {
      "Completed Root": "2019-07-28 23:03:35 +0100"
    },
    "done": false
  },
  "sf4:age1/lavasource": {
    "criteria": {
      "Completed Root": "2019-07-28 23:03:35 +0100",
      "Completed SkyFactory 4": "2019-07-28 23:03:35 +0100"
    },
    "done": false
  },
  "tutorial:tutorial/copied/petrifiedsapling": {
    "criteria": {
      "Obtain Petrified Sapling": "2019-07-28 23:37:15 +0100"
    },
    "done": false
  },
  "hardcore:hardcore/forgivingvoid": {
    "criteria": {
      "Completed Age of Exploration": "2019-07-28 23:03:34 +0100"
    },
    "done": false
  },
  "sf4:age_enhancement/completenoprestige": {
    "criteria": {
      "Prestige Mode Disabled": "2019-07-28 23:03:35 +0100",
      "Completed Age of Enhancement": "2019-07-28 23:03:34 +0100"
    },
    "done": false
  },
  "sf4:age1/completenoprestige": {
    "criteria": {
      "Prestige Mode Disabled": "2019-07-28 23:03:35 +0100",
      "Completed Amber is the Color of my Dinosaur": "2019-07-29 00:31:22 +0100",
      "Completed Sticky Keys": "2019-07-29 00:05:32 +0100",
      "Completed Captain Hook": "2019-07-28 23:39:32 +0100",
      "Completed That\u0027s Dir-tree": "2019-07-28 23:12:45 +0100",
      "Completed Dirty Dancing": "2019-07-28 23:22:39 +0100",
      "Completed You Cotton Be Kidding Me": "2019-07-29 01:43:56 +0100",
      "Completed Root": "2019-07-28 23:03:35 +0100",
      "Completed You Cotton Something?": "2019-07-29 01:47:19 +0100",
      "Completed Clay Aiken": "2019-07-28 23:45:11 +0100",
      "Completed SkyFactory 4": "2019-07-28 23:03:35 +0100",
      "Completed Sixteen Tons": "2019-07-29 00:24:28 +0100",
      "Completed Oh, the Irony": "2019-07-28 23:53:26 +0100",
      "Completed Break a Leg": "2019-07-29 00:28:47 +0100",
      "Completed Eating Dirt": "2019-07-29 00:45:48 +0100",
      "Completed Hardwood": "2019-07-28 23:37:15 +0100",
      "Completed Don\u0027t Sieve on Me": "2019-07-29 00:08:04 +0100",
      "Completed On the Rocks": "2019-07-28 23:47:05 +0100",
      "Completed Palm Trees": "2019-07-29 00:15:20 +0100",
      "Completed Starting from the Bottom": "2019-07-28 23:11:19 +0100",
      "Completed Bubble, Bubble": "2019-07-29 22:05:09 +0100"
    },
    "done": false
  },
  "sf4:age_exploration/completenoprestige": {
    "criteria": {
      "Prestige Mode Disabled": "2019-07-28 23:03:35 +0100",
      "Completed Age of Exploration": "2019-07-28 23:03:34 +0100"
    },
    "done": false
  },
  "sf4:age_farming/root": {
    "criteria": {
      "inventoryChange": "2019-07-28 23:03:34 +0100"
    },
    "done": true
  },
  "sf4:age_power/root": {
    "criteria": {
      "inventoryChange": "2019-07-28 23:03:34 +0100"
    },
    "done": true
  },
  "tutorial:tutorial/copied/claysapling": {
    "criteria": {
      "Obtain a Clay Sapling": "2019-07-28 23:45:11 +0100"
    },
    "done": false
  },
  "sf4:age1/sleep": {
    "criteria": {
      "Completed Root": "2019-07-28 23:03:35 +0100"
    },
    "done": false
  },
  "sf4:age1/sapling/lead": {
    "criteria": {
      "Completed Root": "2019-07-28 23:03:35 +0100"
    },
    "done": false
  },
  "sf4:age1/sapling/diamond": {
    "criteria": {
      "Completed Root": "2019-07-28 23:03:35 +0100"
    },
    "done": false
  },
  "sf4:age1/watersource": {
    "criteria": {
      "Completed Root": "2019-07-28 23:03:35 +0100",
      "Completed SkyFactory 4": "2019-07-28 23:03:35 +0100"
    },
    "done": false
  },
  "sf4:age1/cauldron": {
    "criteria": {
      "Completed Root": "2019-07-28 23:03:35 +0100",
      "Obtain a Cauldron": "2019-07-29 22:05:09 +0100"
    },
    "done": true
  },
  "sf4:age1/cobblestone_generator": {
    "criteria": {
      "Completed Root": "2019-07-28 23:03:35 +0100"
    },
    "done": false
  },
  "tutorial:tutorial/copied/cobblestone": {
    "criteria": {
      "Obtain Cobblestone Block": "2019-07-28 23:47:05 +0100"
    },
    "done": false
  },
  "sf4:age1/sapling/gravel": {
    "criteria": {
      "Completed Root": "2019-07-28 23:03:35 +0100",
      "Obtain Gravel Sapling": "2019-07-29 00:08:04 +0100"
    },
    "done": true
  },
  "sf4:age1/crushing_tub": {
    "criteria": {
      "Completed Root": "2019-07-28 23:03:35 +0100"
    },
    "done": false
  },
  "sf4:age1/prestige_notify": {
    "criteria": {
      "Completed Root": "2019-07-28 23:03:35 +0100"
    },
    "done": false
  },
  "tutorial:tutorial/petrifiedacorn": {
    "criteria": {
      "Obtain Oak Wood Planks": "2019-07-28 23:37:16 +0100"
    },
    "done": false
  },
  "sf4:age1/lava": {
    "criteria": {
      "Completed Root": "2019-07-28 23:03:35 +0100"
    },
    "done": false
  },
  "pacifist:pacifist_run/lose": {
    "criteria": {
      "killed poor innocent creature": "2019-07-28 23:53:19 +0100"
    },
    "done": false
  },
  "sf4:age1/root": {
    "criteria": {
      "non_tutorial_start": "2019-07-28 23:03:35 +0100"
    },
    "done": true
  },
  "tutorial:tutorial/woodencrook": {
    "criteria": {
      "Obtain a Wooden Crook": "2019-07-28 23:39:32 +0100"
    },
    "done": false
  },
  "sf4:age1/sapling/donut": {
    "criteria": {
      "Completed Root": "2019-07-28 23:03:35 +0100"
    },
    "done": false
  },
  "sf4:age1/sapling/silver": {
    "criteria": {
      "Completed Root": "2019-07-28 23:03:35 +0100"
    },
    "done": false
  },
  "sf4:age_power/completenoprestige": {
    "criteria": {
      "Prestige Mode Disabled": "2019-07-28 23:03:35 +0100",
      "Completed Age of Power": "2019-07-28 23:03:34 +0100"
    },
    "done": false
  },
  "sf4:age1/sapling/clay": {
    "criteria": {
      "Completed Root": "2019-07-28 23:03:35 +0100",
      "Obtain a Clay Sapling": "2019-07-28 23:45:11 +0100"
    },
    "done": true
  },
  "sf4:age1/cobblestone": {
    "criteria": {
      "Completed Root": "2019-07-28 23:03:35 +0100",
      "Obtain Cobblestone Block": "2019-07-28 23:47:05 +0100"
    },
    "done": true
  },
  "sf4:age1/sapling/gold": {
    "criteria": {
      "Completed Root": "2019-07-28 23:03:35 +0100"
    },
    "done": false
  },
  "sf4:age1/amber/tin": {
    "criteria": {
      "Completed Root": "2019-07-28 23:03:35 +0100"
    },
    "done": false
  },
  "sf4:age1/acorn/dirt": {
    "criteria": {
      "Obtain Dirt Acorn": "2019-07-28 23:11:19 +0100",
      "Completed Root": "2019-07-28 23:03:35 +0100"
    },
    "done": true
  },
  "sf4:age_allthethingsomglol/complete": {
    "criteria": {
      "Completed Age of ALLTHETHINGSOMGLOL": "2019-07-28 23:03:34 +0100"
    },
    "done": false
  },
  "tutorial:tutorial/oakwood": {
    "criteria": {
      "Obtain Oak Wood": "2019-07-28 23:19:32 +0100"
    },
    "done": false
  },
  "sf4:age_enhancement/root": {
    "criteria": {
      "inventoryChange": "2019-07-28 23:03:34 +0100"
    },
    "done": true
  },
  "sf4:age_exploration/complete": {
    "criteria": {
      "Completed Age of Exploration": "2019-07-28 23:03:34 +0100"
    },
    "done": false
  },
  "sf4:age1/sapling/dirt": {
    "criteria": {
      "Obtain Dirt Sapling": "2019-07-28 23:12:45 +0100",
      "Completed Root": "2019-07-28 23:03:35 +0100"
    },
    "done": true
  },
  "sf4:age1/resourcehogs": {
    "criteria": {
      "Completed Root": "2019-07-28 23:03:35 +0100"
    },
    "done": false
  },
  "sf4:age1/iron_ingot": {
    "criteria": {
      "Completed Root": "2019-07-28 23:03:35 +0100",
      "Obtain Iron Ingot": "2019-07-28 23:53:26 +0100"
    },
    "done": true
  },
  "sf4:age1/green_slimy_dirt": {
    "criteria": {
      "Completed Root": "2019-07-28 23:03:35 +0100"
    },
    "done": false
  },
  "sf4:age1/iron_bucket": {
    "criteria": {
      "Completed Root": "2019-07-28 23:03:35 +0100"
    },
    "done": false
  },
  "tutorial:tutorial/copied/gravelsapling": {
    "criteria": {
      "Obtain Gravel Sapling": "2019-07-29 00:08:04 +0100"
    },
    "done": false
  },
  "sf4:age1/amber/silver": {
    "criteria": {
      "Completed Root": "2019-07-28 23:03:35 +0100"
    },
    "done": false
  },
  "sf4:age1/amber/lead": {
    "criteria": {
      "Completed Root": "2019-07-28 23:03:35 +0100"
    },
    "done": false
  },
  "tutorial:tutorial/placedirtsapling": {
    "criteria": {
      "Placed Dirt Sapling": "2019-07-28 23:22:49 +0100"
    },
    "done": false
  },
  "sf4:age1/amber/gold": {
    "criteria": {
      "Completed Root": "2019-07-28 23:03:35 +0100"
    },
    "done": false
  },
  "tutorial:tutorial/dirtsapling": {
    "criteria": {
      "Obtain a Dirt Sapling": "2019-07-28 23:12:45 +0100"
    },
    "done": false
  },
  "tutorial:tutorial/copied/cauldron": {
    "criteria": {
      "Obtain a Cauldron": "2019-07-29 22:05:09 +0100"
    },
    "done": false
  },
  "sf4:age_farming/skyorchards": {
    "criteria": {
      "Obtain Dirt Sapling": "2019-07-28 23:12:45 +0100",
      "Obtain Coal Sapling": "2019-07-29 00:24:28 +0100",
      "Obtain Cottonwood Sapling": "2019-07-29 01:43:56 +0100",
      "Obtain Petrified Sapling": "2019-07-28 23:37:15 +0100",
      "Obtain Sand Sapling": "2019-07-29 00:15:20 +0100",
      "Obtain Clay Sapling": "2019-07-28 23:45:11 +0100",
      "Obtain Gravel Sapling": "2019-07-29 00:08:04 +0100",
      "Obtain Bone Sapling": "2019-07-29 00:28:47 +0100"
    },
    "done": false
  },
  "sf4:age_exploration/skygriddragonkill": {
    "criteria": {
      "Completed Age of Exploration": "2019-07-28 23:03:34 +0100"
    },
    "done": false
  },
  "sf4:age1/sapling/lapis": {
    "criteria": {
      "Completed Root": "2019-07-28 23:03:35 +0100"
    },
    "done": false
  },
  "sf4:age1/coal": {
    "criteria": {
      "Completed Root": "2019-07-28 23:03:35 +0100"
    },
    "done": false
  },
  "sf4:age_exploration/root": {
    "criteria": {
      "inventoryChange": "2019-07-28 23:03:34 +0100"
    },
    "done": true
  },
  "tutorial:tutorial/copied/coalsapling": {
    "criteria": {
      "Obtain Coal Sapling": "2019-07-29 00:24:28 +0100"
    },
    "done": false
  },
  "sf4:age_storage/root": {
    "criteria": {
      "inventoryChange": "2019-07-28 23:03:34 +0100"
    },
    "done": true
  },
  "sf4:age1/diamond": {
    "criteria": {
      "Completed Root": "2019-07-28 23:03:35 +0100"
    },
    "done": false
  },
  "sf4:age1/obsidian": {
    "criteria": {
      "Completed Root": "2019-07-28 23:03:35 +0100"
    },
    "done": false
  },
  "sf4:age1/sapling/sand": {
    "criteria": {
      "Completed Root": "2019-07-28 23:03:35 +0100",
      "Obtain Sand Sapling": "2019-07-29 00:15:20 +0100"
    },
    "done": true
  },
  "sf4:age1/dirt": {
    "criteria": {
      "Completed Root": "2019-07-28 23:03:35 +0100",
      "Craft Dirt Block": "2019-07-28 23:22:39 +0100"
    },
    "done": true
  },
  "sf4:age1/sapling/coal": {
    "criteria": {
      "Completed Root": "2019-07-28 23:03:35 +0100",
      "Obtain Coal Sapling": "2019-07-29 00:24:28 +0100"
    },
    "done": true
  },
  "sf4:age_enhancement/complete": {
    "criteria": {
      "Completed Age of Enhancement": "2019-07-28 23:03:34 +0100"
    },
    "done": false
  },
  "sf4:age1/stone_crook": {
    "criteria": {
      "Completed Root": "2019-07-28 23:03:35 +0100"
    },
    "done": false
  },
  "sf4:age1/sapling/iron": {
    "criteria": {
      "Completed Root": "2019-07-28 23:03:35 +0100"
    },
    "done": false
  },
  "sf4:age1/sapling/bone": {
    "criteria": {
      "Completed Root": "2019-07-28 23:03:35 +0100",
      "Obtain Bone Sapling": "2019-07-29 00:28:47 +0100"
    },
    "done": true
  },
  "pacifist:pacifist_run/peaceful": {
    "criteria": {
      "brokeLeaves": "2019-07-28 23:21:27 +0100",
      "brokeLog": "2019-07-28 23:27:32 +0100"
    },
    "done": false
  },
  "sf4:age1/water": {
    "criteria": {
      "Completed Root": "2019-07-28 23:03:35 +0100"
    },
    "done": false
  },
  "sf4:age1/acorn/dirt_cooked": {
    "criteria": {
      "Completed Root": "2019-07-28 23:03:35 +0100",
      "Obtain Cooked Dirt Acorn": "2019-07-29 00:45:48 +0100"
    },
    "done": true
  },
  "sf4:age1/twerk": {
    "criteria": {
      "Completed Root": "2019-07-28 23:03:35 +0100",
      "Obtain 8 Dirt Saplings": "2019-07-29 00:05:32 +0100",
      "Obtain 8 Oak Logs": "2019-07-28 23:31:39 +0100"
    },
    "done": true
  },
  "tutorial:tutorial/copied/string": {
    "criteria": {
      "Obtain Cottonwood Sapling": "2019-07-29 01:43:56 +0100",
      "Obtain String": "2019-07-29 01:47:19 +0100"
    },
    "done": false
  },
  "sf4:age_power/complete": {
    "criteria": {
      "Completed Age of Power": "2019-07-28 23:03:34 +0100"
    },
    "done": false
  },
  "hardcore:hardcore/survive": {
    "criteria": {
      "Get killed": "2019-07-29 00:20:36 +0100"
    },
    "done": false
  },
  "sf4:age1/clay_bucket": {
    "criteria": {
      "Completed Root": "2019-07-28 23:03:35 +0100"
    },
    "done": false
  },
  "sf4:age_farming/complete": {
    "criteria": {
      "Completed Age of Farming": "2019-07-28 23:03:34 +0100",
      "Completed Bonsai!!!": "2019-07-29 21:49:45 +0100"
    },
    "done": false
  },
  "sf4:age1/amber/iron": {
    "criteria": {
      "Completed Root": "2019-07-28 23:03:35 +0100",
      "Obtain Iron Amber": "2019-07-29 00:31:22 +0100"
    },
    "done": true
  },
  "tutorial:tutorial/copied/ironingot": {
    "criteria": {
      "Obtain Iron Ingot": "2019-07-28 23:53:26 +0100"
    },
    "done": false
  },
  "sf4:age1/drying_rack": {
    "criteria": {
      "Completed Root": "2019-07-28 23:03:35 +0100"
    },
    "done": false
  },
  "tutorial:tutorial/placeoak": {
    "criteria": {
      "Placed Oak Wood Slab": "2019-07-28 23:25:41 +0100",
      "Placed Oak Planks": "2019-07-28 23:28:55 +0100"
    },
    "done": false
  },
  "sf4:age_allthethingsomglol/complete_no_prestige": {
    "criteria": {
      "Prestige Mode Disabled": "2019-07-28 23:03:35 +0100",
      "Completed Age of ALLTHETHINGSOMGLOL": "2019-07-28 23:03:34 +0100"
    },
    "done": false
  },
  "sf4:age1/sapling": {
    "criteria": {
      "Completed Root": "2019-07-28 23:03:35 +0100",
      "Has Sapling": "2019-07-28 23:12:45 +0100",
      "Completed SkyFactory 4": "2019-07-28 23:03:35 +0100"
    },
    "done": false
  },
  "sf4:age_farming/complete_no_prestige": {
    "criteria": {
      "Prestige Mode Disabled": "2019-07-28 23:03:35 +0100",
      "Completed Age of Farming": "2019-07-28 23:03:34 +0100",
      "Completed Bonsai!!!": "2019-07-29 21:49:45 +0100"
    },
    "done": false
  },
  "sf4:age_allthethingsomglol/root": {
    "criteria": {
      "inventoryChange": "2019-07-28 23:03:34 +0100"
    },
    "done": true
  }
}