{"stat.cakeSlicesEaten":2,"stat.mineBlock.sky_orchards.log_coal":9,"stat.pickup.minecraft.bone":3,"stat.craftItem.sky_orchards.sapling_sand":1,"stat.pickup.minecraft.wooden_slab":4,"stat.drop.sky_orchards.resin_dirt":12,"stat.craftItem.ceramics.unfired_clay":1,"stat.leaveGame":10,"stat.mineBlock.minecraft.cobblestone":1,"stat.mineBlock.sky_orchards.leaves_gravel":115,"stat.pickup.minecraft.flint":10,"stat.craftItem.minecraft.iron_axe":1,"stat.craftItem.minecraft.bone":3,"stat.pickup.sky_orchards.resin_dirt":74,"stat.pickup.pickletweaks.coal_piece":4,"stat.craftItem.sky_orchards.amber_bone":1,"stat.craftItem.sky_orchards.amber_iron":4,"stat.craftItem.inspirations.bone_crook":1,"stat.swimOneCm":3479,"stat.pickup.rustic.crushing_tub":1,"stat.useItem.minecraft.planks":67,"stat.craftItem.sky_orchards.sapling_petrified":1,"stat.mineBlock.morecauldrons.oak_cauldron":2,"stat.mineBlock.sky_orchards.log_dirt":37,"stat.drop.inspirations.bone_crook":1,"stat.useItem.minecraft.stone_slab2":45,"stat.entityKilledBy.ranged_rogue_android":1,"stat.pickup.minecraft.sand":1,"stat.craftItem.sky_orchards.sapling_gravel":1,"stat.pickup.sky_orchards.sapling_dirt":28,"stat.craftItem.sky_orchards.sapling_bone":1,"stat.mineBlock.sky_orchards.leaves_dirt":129,"stat.pickup.minecraft.cobblestone":2,"stat.flyOneCm":6395,"stat.mineBlock.minecraft.sand":1,"stat.mineBlock.sky_orchards.leaves_coal":24,"stat.pickup.sky_orchards.resin_coal":14,"stat.craftItem.minecraft.wooden_slab":42,"stat.pickup.sky_orchards.resin_petrified":27,"stat.pickup.sky_orchards.sapling_petrified":31,"stat.timeSinceDeath":2863,"stat.useItem.minecraft.wooden_slab":29,"stat.craftItem.minecraft.wooden_pickaxe":1,"stat.mineBlock.sky_orchards.sapling_sand":2,"stat.pickup.minecraft.wooden_axe":1,"stat.furnaceInteraction":35,"stat.useItem.tconstruct.rack":1,"stat.useItem.sky_orchards.sapling_clay":10,"stat.craftItem.tconstruct.soil":16,"stat.pickup.sky_orchards.acorn_coal":19,"stat.mineBlock.sky_orchards.leaves_clay":245,"stat.drop.sky_orchards.acorn_dirt":8,"stat.useItem.sky_orchards.sapling_petrified":4,"stat.craftItem.tconstruct.tooltables":14,"stat.pickup.sky_orchards.acorn_dirt":36,"stat.sprintOneCm":69850,"stat.pickup.sky_orchards.sapling_coal":16,"stat.craftItem.minecraft.stick":28,"stat.useItem.minecraft.stone_slab":3,"stat.useItem.carryon.tile_item":1,"stat.mineBlock.sky_orchards.leaves_petrified":190,"stat.craftItem.minecraft.sand":12,"stat.craftItem.minecraft.clay_ball":16,"stat.useItem.minecraft.dye":2,"stat.deaths":3,"stat.mineBlock.minecraft.planks":3,"stat.drop":32,"stat.playOneMinute":162523,"stat.craftItem.sky_orchards.sapling_clay":1,"stat.craftItem.minecraft.dye":9,"stat.craftItem.minecraft.clay":11,"stat.diveOneCm":12587,"stat.useItem.sky_orchards.sapling_sand":13,"stat.chestOpened":147,"stat.mineBlock.sky_orchards.leaves_bone":47,"stat.pickup.minecraft.arrow":3,"stat.pickup.sky_orchards.acorn_petrified":44,"stat.useItem.inspirations.wooden_crook":869,"stat.pickup.sky_orchards.resin_sand":98,"stat.craftItem.sky_orchards.sapling_coal":1,"stat.craftItem.minecraft.coal":46,"stat.pickup.sky_orchards.resin_clay":55,"stat.jump":240,"stat.useItem.sky_orchards.sapling_gravel":8,"stat.useItem.minecraft.sand":1,"stat.craftItem.tconstruct.rack":2,"stat.fallOneCm":135304,"stat.useItem.tconstruct.tooltables":12,"stat.craftItem.bonsaitrees.bonsaipot":1,"stat.crouchOneCm":6719,"stat.mineBlock.sky_orchards.log_sand":6,"stat.craftItem.minecraft.iron_ingot":3,"stat.pickup.minecraft.dirt":2,"stat.craftingTableInteraction":71,"stat.mineBlock.sky_orchards.leaves_sand":231,"stat.pickup.sky_orchards.resin_bone":8,"stat.pickup.sky_orchards.sapling_sand":51,"stat.damageTaken":1175,"stat.mineBlock.minecraft.torch":1,"stat.useItem.minecraft.wooden_pickaxe":1,"stat.craftItem.tconstruct.materials":1,"stat.drop.sky_orchards.sapling_gravel":1,"stat.pickup.minecraft.dye":2,"stat.pickup.minecraft.planks":9,"stat.pickup.sky_orchards.sapling_clay":38,"stat.damageDealt":573,"stat.mineBlock.sky_orchards.log_bone":6,"stat.mineBlock.minecraft.dirt":2,"stat.craftItem.minecraft.gravel":11,"stat.pickup.sky_orchards.acorn_bone":7,"stat.craftItem.minecraft.stone_slab":12,"stat.drop.minecraft.iron_axe":1,"stat.walkOneCm":364046,"stat.pickup.ceramics.clay_bucket":1,"stat.useItem.morecauldrons.oak_cauldron":4,"stat.pickup.minecraft.stick":15,"stat.pickup.sky_orchards.sapling_bone":8,"stat.useItem.minecraft.log":1,"stat.craftItem.minecraft.crafting_table":15,"stat.craftItem.inspirations.wooden_crook":11,"stat.pickup.sky_orchards.acorn_clay":47,"stat.craftItem.ceramics.clay_bucket":1,"stat.craftItem.morecauldrons.oak_cauldron":7,"stat.pickup.minecraft.log":108,"stat.mineBlock.sky_orchards.log_gravel":4,"stat.drop.inspirations.wooden_crook":3,"stat.pickup.sky_orchards.resin_gravel":15,"stat.craftItem.rustic.crushing_tub":1,"stat.pickup.sky_orchards.acorn_gravel":57,"stat.pickup.sky_orchards.acorn_sand":79,"stat.pickup.minecraft.sapling":4,"stat.pickup.sky_orchards.sapling_gravel":22,"stat.drop.sky_orchards.sapling_dirt":6,"stat.craftItem.minecraft.planks":258,"stat.pickup.morecauldrons.oak_cauldron":1,"stat.mineBlock.minecraft.log":13,"stat.mineBlock.sky_orchards.log_clay":20,"stat.mineBlock.minecraft.leaves":47,"stat.craftItem.slabmachines.furnace_slab":1,"stat.mineBlock.rustic.crushing_tub":1,"stat.pickup.minecraft.torch":1,"stat.useItem.sky_orchards.sapling_coal":3,"stat.sneakTime":5746,"stat.useItem.minecraft.wooden_axe":20,"stat.craftItem.minecraft.brick":5,"stat.craftItem.minecraft.cobblestone":6,"stat.useItem.sky_orchards.sapling_dirt":1,"stat.mineBlock.sky_orchards.log_petrified":12}