{"stat.walkOneCm":9141,"stat.drop.sky_orchards.sapling_dirt":11,"stat.pickup.sky_orchards.sapling_dirt":12,"stat.leaveGame":3,"stat.damageTaken":200,"stat.mineBlock.sky_orchards.leaves_dirt":12,"stat.pickup.sky_orchards.resin_dirt":12,"stat.pickup.minecraft.planks":3,"stat.pickup.minecraft.log":3,"stat.flyOneCm":68,"stat.drop":27,"stat.jump":4,"stat.playOneMinute":13184,"stat.fallOneCm":237536,"stat.sneakTime":155,"stat.drop.minecraft.planks":3,"stat.crouchOneCm":237,"stat.timeSinceDeath":13184,"stat.drop.sky_orchards.acorn_dirt":10,"stat.pickup.sky_orchards.acorn_dirt":10,"stat.sprintOneCm":273,"stat.drop.minecraft.log":3,"stat.pickup.xlfoodmod.donut":1,"stat.useItem.sky_orchards.sapling_dirt":1}