{"stat.cakeSlicesEaten":2,"stat.mineBlock.sky_orchards.log_coal":9,"stat.pickup.minecraft.bone":3,"stat.craftItem.sky_orchards.sapling_sand":1,"stat.pickup.minecraft.wooden_slab":4,"stat.drop.sky_orchards.resin_dirt":12,"stat.craftItem.ceramics.unfired_clay":1,"stat.leaveGame":6,"stat.mineBlock.sky_orchards.leaves_gravel":47,"stat.pickup.minecraft.flint":3,"stat.pickup.sky_orchards.resin_dirt":74,"stat.pickup.pickletweaks.coal_piece":4,"stat.craftItem.sky_orchards.amber_iron":1,"stat.pickup.rustic.crushing_tub":1,"stat.useItem.minecraft.planks":1,"stat.craftItem.sky_orchards.sapling_petrified":1,"stat.mineBlock.sky_orchards.log_dirt":37,"stat.useItem.minecraft.stone_slab2":29,"stat.entityKilledBy.ranged_rogue_android":1,"stat.craftItem.sky_orchards.sapling_gravel":1,"stat.pickup.sky_orchards.sapling_dirt":28,"stat.craftItem.sky_orchards.sapling_bone":1,"stat.mineBlock.sky_orchards.leaves_dirt":129,"stat.flyOneCm":2440,"stat.mineBlock.sky_orchards.leaves_coal":23,"stat.pickup.sky_orchards.resin_coal":14,"stat.craftItem.minecraft.wooden_slab":42,"stat.pickup.sky_orchards.resin_petrified":24,"stat.pickup.sky_orchards.sapling_petrified":23,"stat.timeSinceDeath":10770,"stat.useItem.minecraft.wooden_slab":29,"stat.mineBlock.sky_orchards.sapling_sand":1,"stat.pickup.minecraft.wooden_axe":1,"stat.furnaceInteraction":9,"stat.useItem.tconstruct.rack":1,"stat.useItem.sky_orchards.sapling_clay":2,"stat.pickup.sky_orchards.acorn_coal":19,"stat.mineBlock.sky_orchards.leaves_clay":68,"stat.drop.sky_orchards.acorn_dirt":8,"stat.useItem.sky_orchards.sapling_petrified":2,"stat.craftItem.tconstruct.tooltables":1,"stat.pickup.sky_orchards.acorn_dirt":36,"stat.sprintOneCm":14577,"stat.pickup.sky_orchards.sapling_coal":16,"stat.craftItem.minecraft.stick":24,"stat.useItem.minecraft.stone_slab":3,"stat.useItem.carryon.tile_item":1,"stat.mineBlock.sky_orchards.leaves_petrified":126,"stat.craftItem.minecraft.clay_ball":4,"stat.deaths":2,"stat.drop":30,"stat.playOneMinute":92200,"stat.craftItem.sky_orchards.sapling_clay":1,"stat.craftItem.minecraft.dye":9,"stat.craftItem.minecraft.clay":1,"stat.chestOpened":51,"stat.mineBlock.sky_orchards.leaves_bone":47,"stat.pickup.minecraft.arrow":3,"stat.pickup.sky_orchards.acorn_petrified":38,"stat.useItem.inspirations.wooden_crook":358,"stat.pickup.sky_orchards.resin_sand":8,"stat.craftItem.sky_orchards.sapling_coal":1,"stat.pickup.sky_orchards.resin_clay":9,"stat.jump":110,"stat.useItem.sky_orchards.sapling_gravel":1,"stat.craftItem.tconstruct.rack":2,"stat.fallOneCm":33483,"stat.crouchOneCm":3333,"stat.mineBlock.sky_orchards.log_sand":6,"stat.craftingTableInteraction":44,"stat.mineBlock.sky_orchards.leaves_sand":26,"stat.pickup.sky_orchards.resin_bone":8,"stat.pickup.sky_orchards.sapling_sand":4,"stat.damageTaken":605,"stat.drop.sky_orchards.sapling_gravel":1,"stat.pickup.minecraft.dye":2,"stat.pickup.minecraft.planks":5,"stat.pickup.sky_orchards.sapling_clay":9,"stat.damageDealt":563,"stat.mineBlock.sky_orchards.log_bone":6,"stat.pickup.sky_orchards.acorn_bone":7,"stat.craftItem.minecraft.stone_slab":12,"stat.walkOneCm":160091,"stat.pickup.ceramics.clay_bucket":1,"stat.useItem.morecauldrons.oak_cauldron":4,"stat.pickup.minecraft.stick":15,"stat.pickup.sky_orchards.sapling_bone":8,"stat.craftItem.minecraft.crafting_table":2,"stat.craftItem.inspirations.wooden_crook":7,"stat.pickup.sky_orchards.acorn_clay":6,"stat.craftItem.ceramics.clay_bucket":1,"stat.craftItem.morecauldrons.oak_cauldron":6,"stat.pickup.minecraft.log":80,"stat.mineBlock.sky_orchards.log_gravel":4,"stat.drop.inspirations.wooden_crook":3,"stat.pickup.sky_orchards.resin_gravel":7,"stat.craftItem.rustic.crushing_tub":1,"stat.pickup.sky_orchards.acorn_gravel":33,"stat.pickup.sky_orchards.acorn_sand":12,"stat.pickup.minecraft.sapling":2,"stat.pickup.sky_orchards.sapling_gravel":5,"stat.drop.sky_orchards.sapling_dirt":6,"stat.craftItem.minecraft.planks":86,"stat.mineBlock.minecraft.log":7,"stat.mineBlock.sky_orchards.log_clay":6,"stat.mineBlock.minecraft.leaves":17,"stat.craftItem.slabmachines.furnace_slab":1,"stat.mineBlock.rustic.crushing_tub":1,"stat.useItem.sky_orchards.sapling_coal":3,"stat.sneakTime":3740,"stat.useItem.minecraft.wooden_axe":20,"stat.craftItem.minecraft.cobblestone":6,"stat.useItem.sky_orchards.sapling_dirt":1,"stat.mineBlock.sky_orchards.log_petrified":12}