{"stat.mineBlock.sky_orchards.log_coal":13,"stat.pickup.minecraft.bone":1,"stat.pickup.minecraft.wooden_slab":6,"stat.drop.sky_orchards.resin_dirt":4,"stat.leaveGame":7,"stat.mineBlock.sky_orchards.leaves_gravel":35,"stat.pickup.minecraft.flint":3,"stat.killEntity.Human":2,"stat.pickup.sky_orchards.resin_dirt":102,"stat.pickup.pickletweaks.coal_piece":2,"stat.useItem.minecraft.planks":1,"stat.mineBlock.sky_orchards.log_dirt":52,"stat.useItem.minecraft.dirt":6,"stat.useItem.minecraft.stone_slab2":33,"stat.entityKilledBy.ranged_rogue_android":1,"stat.pickup.minecraft.rotten_flesh":3,"stat.pickup.sky_orchards.sapling_dirt":44,"stat.killEntity.Enderman":1,"stat.mineBlock.sky_orchards.leaves_dirt":365,"stat.mineBlock.minecraft.wooden_slab":4,"stat.flyOneCm":3951,"stat.mineBlock.sky_orchards.leaves_coal":8,"stat.pickup.sky_orchards.resin_coal":20,"stat.craftItem.minecraft.wooden_slab":390,"stat.pickup.sky_orchards.resin_petrified":35,"stat.pickup.sky_orchards.sapling_petrified":23,"stat.timeSinceDeath":9928,"stat.drop.minecraft.log":1,"stat.useItem.minecraft.wooden_slab":365,"stat.pickup.minecraft.cake":1,"stat.furnaceInteraction":8,"stat.pickup.sky_orchards.acorn_coal":7,"stat.craftItem.minecraft.stone_slab2":0,"stat.drop.sky_orchards.acorn_dirt":10,"stat.useItem.sky_orchards.sapling_petrified":2,"stat.pickup.sky_orchards.acorn_dirt":57,"stat.sprintOneCm":52000,"stat.pickup.sky_orchards.sapling_coal":6,"stat.craftItem.minecraft.stick":24,"stat.craftItem.minecraft.wooden_axe":8,"stat.useItem.carryon.tile_item":4,"stat.mineBlock.sky_orchards.leaves_petrified":91,"stat.pickup.inspirations.wooden_crook":3,"stat.deaths":1,"stat.drop":30,"stat.playOneMinute":99057,"stat.useItem.minecraft.wooden_sword":25,"stat.drop.xlfoodmod.donut":1,"stat.killEntity.Zombie":3,"stat.chestOpened":61,"stat.pickup.minecraft.arrow":2,"stat.pickup.sky_orchards.acorn_petrified":12,"stat.useItem.inspirations.wooden_crook":297,"stat.pickup.sky_orchards.resin_sand":1,"stat.craftItem.minecraft.coal":2,"stat.jump":420,"stat.fallOneCm":11332,"stat.pickup.minecraft.iron_ingot":1,"stat.crouchOneCm":62898,"stat.craftItem.minecraft.chest":6,"stat.craftItem.minecraft.torch":8,"stat.pickup.minecraft.dirt":2,"stat.craftingTableInteraction":38,"stat.pickup.sky_orchards.resin_bone":2,"stat.pickup.sky_orchards.sapling_sand":4,"stat.damageTaken":310,"stat.craftItem.minecraft.wooden_sword":1,"stat.pickup.minecraft.planks":3,"stat.pickup.sky_orchards.sapling_clay":5,"stat.damageDealt":1510,"stat.mineBlock.minecraft.dirt":3,"stat.pickup.sky_orchards.acorn_bone":3,"stat.walkOneCm":303515,"stat.useItem.minecraft.torch":7,"stat.pickup.sky_orchards.sapling_bone":1,"stat.pickup.sky_orchards.acorn_clay":1,"stat.pickup.minecraft.log":104,"stat.mineBlock.sky_orchards.log_gravel":5,"stat.pickup.sky_orchards.resin_gravel":7,"stat.pickup.sky_orchards.acorn_gravel":7,"stat.drop.minecraft.planks":8,"stat.pickup.sky_orchards.acorn_sand":3,"stat.drop.minecraft.wooden_slab":3,"stat.pickup.sky_orchards.sapling_gravel":8,"stat.drop.sky_orchards.sapling_dirt":2,"stat.craftItem.minecraft.planks":236,"stat.craftItem.minecraft.dirt":13,"stat.mobKills":7,"stat.sneakTime":16739,"stat.useItem.minecraft.wooden_axe":139,"stat.craftItem.minecraft.cobblestone":1,"stat.useItem.sky_orchards.sapling_dirt":8,"stat.mineBlock.sky_orchards.log_petrified":26,"stat.drop.minecraft.wooden_axe":1}